Demand 0,Total 0,,Demand 1,Total 1,,Demand 2,Total 2,,Demand 3,Total 3,,Demand 4,Total 4,,Demand 5,Total 5,,Demand 6,Total 6,,Demand 7,Total 7,,Demand 8,Total 8,,Demand 9,Total 9
0,0,,0,0,,0,0,,0,0,,0,0,,0,0,,0,0,,0,0,,0,0,,0,0
0,0,,0,0,,0,0,,0,0,,0,0,,0,0,,0,0,,0,0,,0,0,,0,0
0,0,,0,0,,0,0,,0,0,,0,0,,0,0,,0,0,,0,0,,0,0,,0,0
0,0,,0,0,,0,0,,0,0,,0,0,,0,0,,0,0,,0,0,,0,0,,0,0
0,0,,0,0,,0,0,,0,0,,0,0,,0,0,,0,0,,0,0,,0,0,,0,0
0,0,,0,0,,0,0,,0,0,,0,0,,0,0,,0,0,,0,0,,0,0,,0,0
0,0,,0,0,,0,0,,0,0,,0,0,,0,0,,0,0,,0,0,,0,0,,0,0
0,0,,0,0,,0,0,,0,0,,0,0,,0,0,,0,0,,0,0,,0,0,,0,0
0,0,,0,0,,0,0,,0,0,,0,0,,0,0,,0,0,,0,0,,0,0,,0,0
0,0,,0,0,,0,0,,0,0,,0,0,,0,0,,0,0,,0,0,,0,0,,0,0
0,0,,0,0,,0,0,,0,0,,0,0,,0,0,,0,0,,0,0,,0,0,,0,0
0,0,,0,0,,0,0,,0,0,,0,0,,0,0,,0,0,,0,0,,0,0,,0,0
0,0,,0,0,,0,0,,0,0,,0,0,,0,0,,0,0,,0,0,,0,0,,0,0
0,0,,0,0,,0,0,,0,0,,0,0,,0,0,,0,0,,0,0,,0,0,,0,0
0,0,,0,0,,0,0,,0,0,,0,0,,0,0,,0,0,,0,0,,0,0,,0,0
0,0,,0,0,,0,0,,0,0,,0,0,,0,0,,0,0,,0,0,,0,0,,0,0
0,0,,0,0,,0,0,,0,0,,0,0,,0,0,,0,0,,0,0,,0,0,,0,0
0,0,,0,0,,0,0,,0,0,,0,0,,0,0,,0,0,,0,0,,0,0,,0,0
0,0,,0,0,,0,0,,0,0,,0,0,,0,0,,0,0,,0,0,,0,0,,0,0
0,0,,0,0,,0,0,,0,0,,1,1,,0,0,,0,0,,0,0,,0,0,,0,0
0,0,,0,0,,0,0,,0,0,,0,1,,0,0,,1,1,,1,1,,0,0,,0,0
0,0,,0,0,,0,0,,0,0,,0,1,,0,0,,0,1,,0,1,,0,0,,0,0
0,0,,0,0,,0,0,,0,0,,0,1,,0,0,,1,2,,0,1,,0,0,,0,0
0,0,,0,0,,0,0,,0,0,,0,1,,0,0,,0,2,,0,1,,0,0,,0,0
0,0,,0,0,,0,0,,0,0,,0,1,,0,0,,0,2,,0,1,,0,0,,1,1
0,0,,0,0,,0,0,,0,0,,0,1,,0,0,,0,2,,0,1,,0,0,,0,1
0,0,,0,0,,0,0,,0,0,,0,1,,0,0,,0,2,,0,1,,0,0,,0,1
0,0,,0,0,,0,0,,0,0,,0,1,,0,0,,0,2,,0,1,,0,0,,0,1
0,0,,0,0,,0,0,,0,0,,0,1,,0,0,,0,2,,0,1,,0,0,,0,1
0,0,,0,0,,0,0,,0,0,,0,1,,0,0,,0,2,,0,1,,0,0,,0,1
0,0,,0,0,,0,0,,0,0,,0,1,,0,0,,0,2,,0,1,,0,0,,0,1
0,0,,0,0,,0,0,,0,0,,0,1,,0,0,,0,2,,0,1,,0,0,,0,1
0,0,,0,0,,0,0,,0,0,,0,1,,0,0,,0,2,,0,1,,0,0,,0,1
0,0,,0,0,,0,0,,0,0,,0,1,,0,0,,0,2,,0,1,,1,1,,0,1
0,0,,1,1,,0,0,,0,0,,0,1,,0,0,,0,2,,0,1,,0,1,,0,1
0,0,,0,1,,0,0,,0,0,,0,1,,0,0,,0,2,,0,1,,0,1,,0,1
0,0,,0,1,,0,0,,0,0,,0,1,,0,0,,0,2,,0,1,,0,1,,0,1
0,0,,0,1,,0,0,,0,0,,0,1,,0,0,,0,2,,0,1,,0,1,,0,1
0,0,,0,1,,0,0,,0,0,,0,1,,0,0,,0,2,,0,1,,0,1,,0,1
0,0,,0,1,,1,1,,0,0,,0,1,,0,0,,0,2,,0,1,,1,2,,0,1
0,0,,0,1,,0,1,,0,0,,0,1,,0,0,,0,2,,0,1,,0,2,,0,1
0,0,,0,1,,0,1,,0,0,,0,1,,0,0,,0,2,,0,1,,0,2,,0,1
0,0,,0,1,,0,1,,0,0,,0,1,,0,0,,0,2,,0,1,,0,2,,1,2
0,0,,0,1,,0,1,,0,0,,0,1,,0,0,,0,2,,0,1,,0,2,,0,2
0,0,,1,2,,0,1,,0,0,,0,1,,0,0,,0,2,,0,1,,0,2,,0,2
0,0,,0,2,,0,1,,0,0,,0,1,,0,0,,0,2,,0,1,,0,2,,0,2
0,0,,0,2,,0,1,,0,0,,0,1,,0,0,,0,2,,0,1,,0,2,,0,2
0,0,,0,2,,0,1,,0,0,,0,1,,0,0,,0,2,,0,1,,0,2,,0,2
0,0,,0,2,,1,2,,0,0,,0,1,,0,0,,0,2,,0,1,,0,2,,0,2
0,0,,0,2,,1,3,,0,0,,0,1,,0,0,,0,2,,0,1,,0,2,,1,3
0,0,,0,2,,0,3,,0,0,,0,1,,0,0,,0,2,,0,1,,0,2,,0,3
0,0,,0,2,,0,3,,0,0,,0,1,,0,0,,0,2,,0,1,,0,2,,1,4
0,0,,0,2,,0,3,,0,0,,0,1,,0,0,,0,2,,0,1,,0,2,,0,4
0,0,,0,2,,0,3,,0,0,,0,1,,0,0,,0,2,,0,1,,0,2,,0,4
0,0,,0,2,,0,3,,0,0,,0,1,,0,0,,0,2,,0,1,,1,3,,0,4
0,0,,0,2,,0,3,,0,0,,0,1,,0,0,,0,2,,0,1,,1,4,,0,4
0,0,,0,2,,0,3,,0,0,,0,1,,0,0,,0,2,,0,1,,0,4,,0,4
0,0,,0,2,,0,3,,0,0,,0,1,,0,0,,0,2,,0,1,,0,4,,1,5
0,0,,1,3,,0,3,,0,0,,0,1,,1,1,,0,2,,0,1,,0,4,,0,5
0,0,,1,4,,0,3,,0,0,,0,1,,0,1,,0,2,,0,1,,0,4,,0,5
0,0,,0,4,,0,3,,0,0,,0,1,,0,1,,0,2,,0,1,,0,4,,0,5
0,0,,1,5,,1,4,,0,0,,0,1,,0,1,,0,2,,0,1,,0,4,,0,5
0,0,,0,5,,0,4,,0,0,,0,1,,1,2,,0,2,,0,1,,0,4,,0,5
0,0,,0,5,,0,4,,0,0,,0,1,,0,2,,1,3,,0,1,,0,4,,1,6
0,0,,0,5,,0,4,,0,0,,0,1,,0,2,,0,3,,0,1,,1,5,,0,6
1,1,,0,5,,0,4,,0,0,,0,1,,0,2,,0,3,,0,1,,0,5,,0,6
0,1,,0,5,,0,4,,1,1,,0,1,,1,3,,0,3,,0,1,,0,5,,0,6
0,1,,0,5,,0,4,,0,1,,0,1,,0,3,,0,3,,0,1,,0,5,,0,6
0,1,,0,5,,0,4,,0,1,,0,1,,0,3,,0,3,,0,1,,0,5,,0,6
0,1,,0,5,,0,4,,0,1,,0,1,,0,3,,0,3,,0,1,,0,5,,0,6
0,1,,0,5,,0,4,,0,1,,0,1,,0,3,,0,3,,0,1,,0,5,,0,6
0,1,,0,5,,0,4,,0,1,,0,1,,0,3,,0,3,,0,1,,1,6,,0,6
0,1,,0,5,,0,4,,0,1,,0,1,,0,3,,0,3,,0,1,,0,6,,0,6
0,1,,0,5,,0,4,,0,1,,0,1,,0,3,,0,3,,0,1,,0,6,,0,6
0,1,,0,5,,0,4,,0,1,,1,2,,0,3,,0,3,,0,1,,0,6,,0,6
1,2,,0,5,,1,5,,0,1,,0,2,,0,3,,0,3,,0,1,,0,6,,0,6
0,2,,0,5,,0,5,,0,1,,0,2,,0,3,,0,3,,0,1,,0,6,,0,6
0,2,,0,5,,0,5,,0,1,,0,2,,0,3,,0,3,,0,1,,0,6,,1,7
0,2,,0,5,,0,5,,0,1,,0,2,,0,3,,0,3,,0,1,,0,6,,0,7
1,3,,0,5,,0,5,,0,1,,0,2,,0,3,,0,3,,0,1,,0,6,,0,7
0,3,,0,5,,0,5,,1,2,,0,2,,0,3,,0,3,,0,1,,0,6,,0,7
1,4,,0,5,,0,5,,0,2,,0,2,,0,3,,0,3,,0,1,,0,6,,0,7
0,4,,0,5,,0,5,,0,2,,0,2,,0,3,,0,3,,0,1,,0,6,,0,7
1,5,,0,5,,0,5,,0,2,,0,2,,0,3,,0,3,,0,1,,0,6,,0,7
0,5,,1,6,,0,5,,0,2,,0,2,,0,3,,0,3,,0,1,,0,6,,0,7
0,5,,0,6,,0,5,,0,2,,0,2,,0,3,,0,3,,0,1,,0,6,,0,7
0,5,,0,6,,0,5,,0,2,,0,2,,0,3,,0,3,,0,1,,0,6,,0,7
0,5,,1,7,,0,5,,0,2,,0,2,,0,3,,0,3,,0,1,,0,6,,0,7
0,5,,0,7,,0,5,,0,2,,1,3,,0,3,,0,3,,0,1,,0,6,,0,7
0,5,,0,7,,0,5,,0,2,,1,4,,0,3,,0,3,,0,1,,0,6,,0,7
0,5,,0,7,,0,5,,0,2,,0,4,,0,3,,0,3,,1,2,,1,7,,0,7
0,5,,0,7,,1,6,,0,2,,0,4,,0,3,,0,3,,0,2,,0,7,,0,7
0,5,,0,7,,0,6,,1,3,,0,4,,0,3,,0,3,,0,2,,0,7,,0,7
0,5,,0,7,,0,6,,0,3,,1,5,,0,3,,0,3,,0,2,,0,7,,0,7
0,5,,0,7,,0,6,,1,4,,1,6,,0,3,,0,3,,0,2,,0,7,,0,7
0,5,,0,7,,0,6,,1,5,,0,6,,1,4,,0,3,,0,2,,0,7,,0,7
0,5,,0,7,,0,6,,0,5,,0,6,,0,4,,0,3,,1,3,,0,7,,0,7
0,5,,1,8,,0,6,,0,5,,0,6,,0,4,,0,3,,0,3,,0,7,,0,7
0,5,,0,8,,0,6,,0,5,,1,7,,0,4,,0,3,,0,3,,0,7,,0,7
0,5,,0,8,,0,6,,0,5,,0,7,,0,4,,0,3,,0,3,,0,7,,0,7
0,5,,0,8,,0,6,,0,5,,0,7,,0,4,,0,3,,0,3,,0,7,,0,7
0,5,,1,9,,0,6,,0,5,,0,7,,1,5,,0,3,,0,3,,0,7,,0,7
0,5,,0,9,,0,6,,0,5,,0,7,,1,6,,0,3,,0,3,,0,7,,1,8
1,6,,0,9,,0,6,,1,6,,0,7,,0,6,,0,3,,0,3,,0,7,,0,8
0,6,,0,9,,0,6,,0,6,,0,7,,0,6,,0,3,,0,3,,0,7,,0,8
0,6,,0,9,,0,6,,0,6,,0,7,,0,6,,1,4,,0,3,,0,7,,0,8
0,6,,0,9,,1,7,,0,6,,0,7,,0,6,,0,4,,1,4,,0,7,,0,8
0,6,,0,9,,0,7,,0,6,,0,7,,0,6,,0,4,,0,4,,0,7,,0,8
0,6,,0,9,,0,7,,0,6,,0,7,,0,6,,0,4,,0,4,,0,7,,0,8
0,6,,0,9,,0,7,,1,7,,0,7,,0,6,,0,4,,0,4,,0,7,,0,8
1,7,,0,9,,0,7,,0,7,,0,7,,0,6,,0,4,,0,4,,1,8,,0,8
0,7,,0,9,,0,7,,0,7,,0,7,,0,6,,0,4,,0,4,,0,8,,0,8
0,7,,0,9,,0,7,,0,7,,0,7,,0,6,,0,4,,0,4,,1,9,,0,8
0,7,,0,9,,0,7,,0,7,,0,7,,0,6,,0,4,,0,4,,0,9,,0,8
0,7,,0,9,,0,7,,0,7,,0,7,,0,6,,0,4,,0,4,,0,9,,0,8
0,7,,0,9,,0,7,,0,7,,1,8,,0,6,,1,5,,0,4,,0,9,,0,8
1,8,,0,9,,0,7,,0,7,,0,8,,0,6,,1,6,,0,4,,1,10,,0,8
0,8,,0,9,,0,7,,0,7,,0,8,,0,6,,1,7,,1,5,,0,10,,0,8
0,8,,0,9,,0,7,,1,8,,0,8,,0,6,,0,7,,0,5,,0,10,,0,8
0,8,,0,9,,0,7,,0,8,,0,8,,0,6,,0,7,,0,5,,0,10,,0,8
1,9,,0,9,,0,7,,0,8,,0,8,,0,6,,0,7,,1,6,,0,10,,0,8
0,9,,0,9,,0,7,,0,8,,0,8,,1,7,,0,7,,0,6,,0,10,,0,8
0,9,,1,10,,0,7,,0,8,,0,8,,0,7,,0,7,,0,6,,0,10,,1,9
0,9,,0,10,,0,7,,0,8,,0,8,,0,7,,0,7,,0,6,,0,10,,0,9
0,9,,0,10,,0,7,,0,8,,0,8,,1,8,,0,7,,0,6,,0,10,,0,9
0,9,,0,10,,0,7,,0,8,,0,8,,0,8,,0,7,,0,6,,0,10,,0,9
0,9,,0,10,,0,7,,0,8,,0,8,,0,8,,0,7,,0,6,,0,10,,0,9
0,9,,0,10,,0,7,,0,8,,0,8,,0,8,,0,7,,0,6,,1,11,,0,9
0,9,,0,10,,0,7,,0,8,,1,9,,1,9,,0,7,,0,6,,0,11,,1,10
0,9,,0,10,,0,7,,1,9,,0,9,,0,9,,1,8,,0,6,,0,11,,0,10
0,9,,1,11,,0,7,,1,10,,0,9,,1,10,,0,8,,0,6,,0,11,,0,10
1,10,,0,11,,0,7,,0,10,,0,9,,0,10,,0,8,,1,7,,0,11,,0,10
0,10,,0,11,,0,7,,0,10,,0,9,,0,10,,0,8,,0,7,,0,11,,0,10
0,10,,0,11,,0,7,,0,10,,1,10,,1,11,,0,8,,0,7,,0,11,,0,10
0,10,,0,11,,0,7,,0,10,,0,10,,0,11,,0,8,,1,8,,1,12,,0,10
0,10,,0,11,,0,7,,0,10,,0,10,,0,11,,0,8,,0,8,,0,12,,1,11
0,10,,0,11,,0,7,,0,10,,0,10,,0,11,,0,8,,1,9,,0,12,,0,11
0,10,,0,11,,0,7,,0,10,,1,11,,0,11,,0,8,,0,9,,0,12,,1,12
0,10,,0,11,,0,7,,0,10,,0,11,,0,11,,1,9,,1,10,,0,12,,0,12
0,10,,0,11,,0,7,,1,11,,0,11,,0,11,,0,9,,0,10,,1,13,,1,13
0,10,,0,11,,0,7,,0,11,,0,11,,0,11,,0,9,,0,10,,0,13,,0,13
0,10,,0,11,,0,7,,0,11,,0,11,,0,11,,0,9,,0,10,,0,13,,0,13
0,10,,1,12,,1,8,,0,11,,0,11,,0,11,,0,9,,0,10,,0,13,,0,13
0,10,,0,12,,1,9,,0,11,,1,12,,0,11,,0,9,,0,10,,0,13,,0,13
0,10,,0,12,,0,9,,0,11,,0,12,,0,11,,0,9,,0,10,,0,13,,0,13
0,10,,0,12,,0,9,,0,11,,0,12,,0,11,,0,9,,1,11,,0,13,,0,13
0,10,,0,12,,0,9,,1,12,,0,12,,0,11,,0,9,,1,12,,0,13,,0,13
0,10,,0,12,,0,9,,0,12,,0,12,,1,12,,0,9,,0,12,,0,13,,0,13
0,10,,0,12,,0,9,,0,12,,0,12,,1,13,,0,9,,0,12,,1,14,,0,13
0,10,,0,12,,0,9,,0,12,,0,12,,0,13,,0,9,,0,12,,0,14,,1,14
0,10,,0,12,,0,9,,0,12,,0,12,,0,13,,0,9,,0,12,,0,14,,0,14
0,10,,0,12,,0,9,,0,12,,0,12,,0,13,,1,10,,0,12,,1,15,,0,14
0,10,,0,12,,0,9,,1,13,,0,12,,0,13,,0,10,,0,12,,0,15,,0,14
0,10,,0,12,,0,9,,0,13,,0,12,,1,14,,0,10,,0,12,,0,15,,0,14
1,11,,0,12,,0,9,,0,13,,0,12,,0,14,,0,10,,0,12,,0,15,,0,14
0,11,,0,12,,0,9,,0,13,,0,12,,0,14,,0,10,,0,12,,1,16,,0,14
1,12,,0,12,,0,9,,0,13,,0,12,,0,14,,0,10,,0,12,,0,16,,0,14
1,13,,0,12,,0,9,,1,14,,1,13,,0,14,,0,10,,0,12,,0,16,,0,14
0,13,,0,12,,0,9,,0,14,,1,14,,0,14,,0,10,,0,12,,0,16,,0,14
1,14,,0,12,,1,10,,0,14,,0,14,,0,14,,0,10,,0,12,,0,16,,0,14
0,14,,0,12,,1,11,,0,14,,1,15,,0,14,,0,10,,0,12,,0,16,,0,14
0,14,,0,12,,0,11,,1,15,,0,15,,0,14,,0,10,,0,12,,0,16,,0,14
0,14,,0,12,,0,11,,0,15,,0,15,,0,14,,0,10,,0,12,,0,16,,0,14
0,14,,1,13,,0,11,,1,16,,0,15,,0,14,,0,10,,1,13,,0,16,,0,14
0,14,,0,13,,0,11,,0,16,,1,16,,0,14,,0,10,,0,13,,0,16,,1,15
0,14,,1,14,,0,11,,0,16,,0,16,,0,14,,0,10,,0,13,,0,16,,0,15
0,14,,0,14,,0,11,,0,16,,1,17,,0,14,,0,10,,0,13,,0,16,,1,16
0,14,,0,14,,1,12,,0,16,,0,17,,0,14,,0,10,,0,13,,0,16,,0,16
0,14,,0,14,,0,12,,0,16,,0,17,,1,15,,0,10,,0,13,,0,16,,0,16
1,15,,0,14,,1,13,,0,16,,0,17,,0,15,,1,11,,0,13,,1,17,,0,16
0,15,,0,14,,0,13,,0,16,,1,18,,0,15,,0,11,,0,13,,0,17,,0,16
0,15,,0,14,,0,13,,0,16,,0,18,,0,15,,0,11,,0,13,,0,17,,0,16
0,15,,0,14,,1,14,,0,16,,0,18,,0,15,,0,11,,1,14,,0,17,,0,16
1,16,,0,14,,1,15,,0,16,,0,18,,0,15,,1,12,,0,14,,1,18,,0,16
0,16,,0,14,,0,15,,0,16,,0,18,,0,15,,0,12,,0,14,,0,18,,0,16
0,16,,0,14,,1,16,,1,17,,0,18,,0,15,,0,12,,0,14,,0,18,,0,16
1,17,,0,14,,1,17,,0,17,,0,18,,0,15,,0,12,,0,14,,0,18,,0,16
0,17,,0,14,,0,17,,1,18,,0,18,,0,15,,0,12,,0,14,,0,18,,0,16
0,17,,0,14,,0,17,,0,18,,0,18,,0,15,,1,13,,0,14,,0,18,,1,17
0,17,,1,15,,0,17,,1,19,,1,19,,0,15,,0,13,,0,14,,0,18,,1,18
0,17,,0,15,,1,18,,1,20,,0,19,,0,15,,0,13,,0,14,,0,18,,0,18
0,17,,1,16,,0,18,,0,20,,0,19,,1,16,,1,14,,0,14,,0,18,,0,18
0,17,,0,16,,0,18,,0,20,,0,19,,0,16,,0,14,,0,14,,1,19,,0,18
0,17,,1,17,,0,18,,0,20,,0,19,,0,16,,1,15,,0,14,,0,19,,0,18
0,17,,0,17,,0,18,,0,20,,0,19,,0,16,,0,15,,0,14,,0,19,,0,18
0,17,,0,17,,0,18,,0,20,,0,19,,0,16,,1,16,,1,15,,0,19,,0,18
0,17,,0,17,,0,18,,0,20,,0,19,,0,16,,0,16,,0,15,,1,20,,0,18
0,17,,0,17,,0,18,,0,20,,0,19,,0,16,,1,17,,0,15,,0,20,,0,18
0,17,,0,17,,0,18,,0,20,,0,19,,0,16,,0,17,,0,15,,1,21,,0,18
0,17,,0,17,,0,18,,0,20,,0,19,,1,17,,1,18,,1,16,,0,21,,1,19
0,17,,0,17,,1,19,,0,20,,1,20,,0,17,,0,18,,0,16,,0,21,,0,19
1,18,,1,18,,0,19,,0,20,,1,21,,0,17,,1,19,,0,16,,0,21,,0,19
0,18,,0,18,,0,19,,0,20,,0,21,,0,17,,0,19,,0,16,,0,21,,1,20
0,18,,0,18,,0,19,,1,21,,0,21,,0,17,,1,20,,0,16,,1,22,,0,20
1,19,,1,19,,1,20,,1,22,,0,21,,0,17,,0,20,,0,16,,0,22,,0,20
0,19,,0,19,,0,20,,0,22,,0,21,,0,17,,0,20,,0,16,,1,23,,0,20
0,19,,1,20,,0,20,,0,22,,0,21,,0,17,,0,20,,0,16,,0,23,,0,20
0,19,,0,20,,0,20,,1,23,,0,21,,0,17,,1,21,,0,16,,0,23,,0,20
0,19,,0,20,,0,20,,1,24,,0,21,,1,18,,1,22,,0,16,,0,23,,0,20
0,19,,1,21,,0,20,,0,24,,0,21,,0,18,,0,22,,0,16,,0,23,,0,20
1,20,,0,21,,1,21,,0,24,,0,21,,0,18,,0,22,,0,16,,0,23,,0,20
0,20,,0,21,,0,21,,0,24,,1,22,,0,18,,0,22,,1,17,,0,23,,0,20
0,20,,0,21,,1,22,,0,24,,0,22,,1,19,,0,22,,0,17,,1,24,,0,20
1,21,,0,21,,0,22,,1,25,,0,22,,1,20,,0,22,,0,17,,0,24,,0,20
0,21,,0,21,,0,22,,0,25,,0,22,,1,21,,1,23,,1,18,,0,24,,0,20
0,21,,0,21,,0,22,,0,25,,0,22,,1,22,,0,23,,0,18,,0,24,,0,20
1,22,,0,21,,0,22,,0,25,,0,22,,0,22,,0,23,,0,18,,0,24,,0,20
0,22,,1,22,,0,22,,0,25,,0,22,,0,22,,0,23,,0,18,,0,24,,0,20
0,22,,0,22,,0,22,,0,25,,1,23,,0,22,,1,24,,0,18,,0,24,,0,20
1,23,,0,22,,0,22,,0,25,,1,24,,0,22,,0,24,,0,18,,0,24,,0,20
0,23,,1,23,,0,22,,0,25,,1,25,,0,22,,0,24,,1,19,,0,24,,0,20
1,24,,0,23,,0,22,,0,25,,1,26,,1,23,,0,24,,0,19,,0,24,,0,20
0,24,,1,24,,1,23,,1,26,,1,27,,1,24,,0,24,,0,19,,0,24,,1,21
0,24,,0,24,,1,24,,1,27,,1,28,,1,25,,0,24,,1,20,,1,25,,0,21
0,24,,0,24,,0,24,,0,27,,0,28,,0,25,,0,24,,1,21,,0,25,,0,21
1,25,,0,24,,0,24,,0,27,,0,28,,0,25,,0,24,,1,22,,0,25,,0,21
1,26,,0,24,,0,24,,0,27,,0,28,,1,26,,0,24,,0,22,,0,25,,1,22
0,26,,1,25,,0,24,,0,27,,0,28,,1,27,,1,25,,0,22,,0,25,,0,22
0,26,,0,25,,1,25,,0,27,,1,29,,1,28,,1,26,,1,23,,0,25,,0,22
1,27,,0,25,,0,25,,1,28,,1,30,,0,28,,0,26,,1,24,,0,25,,0,22
1,28,,0,25,,0,25,,0,28,,0,30,,0,28,,0,26,,0,24,,1,26,,0,22
0,28,,1,26,,0,25,,0,28,,0,30,,0,28,,0,26,,0,24,,0,26,,1,23
0,28,,1,27,,0,25,,0,28,,0,30,,0,28,,0,26,,1,25,,0,26,,0,23
0,28,,1,28,,0,25,,1,29,,0,30,,1,29,,0,26,,0,25,,1,27,,0,23
0,28,,0,28,,0,25,,1,30,,1,31,,0,29,,0,26,,0,25,,0,27,,0,23
0,28,,0,28,,0,25,,0,30,,0,31,,1,30,,0,26,,0,25,,0,27,,0,23
0,28,,0,28,,0,25,,0,30,,0,31,,0,30,,1,27,,0,25,,0,27,,1,24
1,29,,0,28,,0,25,,1,31,,0,31,,1,31,,1,28,,0,25,,1,28,,0,24
0,29,,0,28,,1,26,,0,31,,1,32,,1,32,,0,28,,0,25,,0,28,,1,25
0,29,,0,28,,0,26,,0,31,,0,32,,0,32,,0,28,,0,25,,1,29,,0,25
1,30,,0,28,,1,27,,0,31,,1,33,,0,32,,0,28,,0,25,,0,29,,0,25
0,30,,1,29,,0,27,,0,31,,0,33,,0,32,,0,28,,0,25,,1,30,,1,26
0,30,,0,29,,1,28,,0,31,,0,33,,1,33,,0,28,,1,26,,0,30,,0,26
0,30,,1,30,,1,29,,0,31,,0,33,,0,33,,0,28,,1,27,,0,30,,1,27
0,30,,0,30,,0,29,,0,31,,0,33,,0,33,,0,28,,0,27,,1,31,,0,27
1,31,,1,31,,0,29,,0,31,,0,33,,0,33,,0,28,,0,27,,0,31,,0,27
0,31,,1,32,,0,29,,1,32,,0,33,,0,33,,0,28,,1,28,,0,31,,0,27
1,32,,0,32,,0,29,,0,32,,0,33,,0,33,,0,28,,0,28,,0,31,,1,28
1,33,,0,32,,0,29,,0,32,,0,33,,0,33,,1,29,,0,28,,1,32,,0,28
0,33,,0,32,,1,30,,0,32,,0,33,,0,33,,1,30,,1,29,,0,32,,0,28
0,33,,0,32,,0,30,,0,32,,0,33,,0,33,,1,31,,0,29,,0,32,,0,28
0,33,,0,32,,0,30,,1,33,,0,33,,0,33,,1,32,,1,30,,0,32,,1,29
0,33,,0,32,,0,30,,0,33,,0,33,,1,34,,1,33,,1,31,,0,32,,0,29
0,33,,0,32,,0,30,,1,34,,1,34,,0,34,,0,33,,0,31,,1,33,,0,29
1,34,,0,32,,1,31,,0,34,,0,34,,0,34,,0,33,,1,32,,1,34,,0,29
0,34,,0,32,,0,31,,1,35,,1,35,,1,35,,0,33,,1,33,,0,34,,0,29
1,35,,0,32,,1,32,,0,35,,0,35,,0,35,,1,34,,0,33,,1,35,,0,29
0,35,,1,33,,0,32,,0,35,,0,35,,0,35,,0,34,,0,33,,0,35,,0,29
1,36,,1,34,,1,33,,0,35,,0,35,,1,36,,0,34,,0,33,,0,35,,1,30
0,36,,0,34,,0,33,,1,36,,1,36,,0,36,,1,35,,0,33,,0,35,,0,30
1,37,,0,34,,0,33,,0,36,,1,37,,0,36,,0,35,,0,33,,0,35,,0,30
0,37,,0,34,,0,33,,0,36,,0,37,,1,37,,0,35,,1,34,,0,35,,1,31
0,37,,1,35,,1,34,,1,37,,1,38,,0,37,,0,35,,0,34,,0,35,,0,31
0,37,,0,35,,1,35,,1,38,,0,38,,0,37,,0,35,,0,34,,0,35,,0,31
1,38,,0,35,,0,35,,0,38,,0,38,,0,37,,1,36,,0,34,,0,35,,0,31
1,39,,1,36,,0,35,,1,39,,0,38,,0,37,,0,36,,0,34,,1,36,,0,31
0,39,,0,36,,0,35,,1,40,,0,38,,1,38,,1,37,,0,34,,0,36,,0,31
0,39,,1,37,,0,35,,0,40,,1,39,,1,39,,0,37,,1,35,,0,36,,0,31
0,39,,1,38,,0,35,,0,40,,0,39,,1,40,,0,37,,0,35,,1,37,,0,31
0,39,,0,38,,1,36,,0,40,,0,39,,0,40,,1,38,,0,35,,0,37,,0,31
0,39,,0,38,,1,37,,1,41,,0,39,,0,40,,0,38,,1,36,,0,37,,1,32
0,39,,0,38,,1,38,,1,42,,0,39,,1,41,,0,38,,1,37,,1,38,,1,33
1,40,,0,38,,1,39,,1,43,,0,39,,0,41,,1,39,,0,37,,1,39,,0,33
0,40,,1,39,,1,40,,0,43,,0,39,,0,41,,0,39,,0,37,,0,39,,0,33
1,41,,1,40,,1,41,,1,44,,0,39,,0,41,,0,39,,0,37,,1,40,,0,33
0,41,,0,40,,0,41,,0,44,,1,40,,0,41,,0,39,,0,37,,1,41,,0,33
0,41,,1,41,,1,42,,0,44,,0,40,,0,41,,0,39,,1,38,,0,41,,0,33
1,42,,1,42,,0,42,,0,44,,0,40,,0,41,,1,40,,1,39,,0,41,,0,33
0,42,,1,43,,0,42,,0,44,,0,40,,0,41,,0,40,,0,39,,1,42,,0,33
0,42,,0,43,,1,43,,1,45,,0,40,,0,41,,1,41,,1,40,,1,43,,0,33
1,43,,0,43,,0,43,,0,45,,0,40,,0,41,,0,41,,1,41,,0,43,,0,33
1,44,,0,43,,0,43,,1,46,,0,40,,0,41,,1,42,,1,42,,0,43,,0,33
0,44,,0,43,,0,43,,1,47,,1,41,,0,41,,0,42,,1,43,,0,43,,0,33
1,45,,0,43,,0,43,,0,47,,0,41,,0,41,,0,42,,1,44,,0,43,,0,33
0,45,,1,44,,0,43,,1,48,,0,41,,0,41,,0,42,,1,45,,1,44,,0,33
0,45,,0,44,,1,44,,0,48,,0,41,,0,41,,0,42,,1,46,,0,44,,0,33
0,45,,1,45,,1,45,,0,48,,0,41,,1,42,,0,42,,1,47,,0,44,,0,33
0,45,,1,46,,1,46,,0,48,,0,41,,0,42,,1,43,,0,47,,0,44,,0,33
0,45,,0,46,,0,46,,0,48,,0,41,,0,42,,1,44,,1,48,,0,44,,1,34
0,45,,0,46,,1,47,,0,48,,0,41,,1,43,,0,44,,1,49,,0,44,,0,34
0,45,,1,47,,0,47,,0,48,,0,41,,0,43,,1,45,,1,50,,1,45,,1,35
0,45,,0,47,,0,47,,0,48,,0,41,,0,43,,1,46,,1,51,,0,45,,0,35
0,45,,0,47,,0,47,,1,49,,1,42,,0,43,,0,46,,0,51,,0,45,,1,36
0,45,,0,47,,0,47,,0,49,,0,42,,0,43,,1,47,,1,52,,0,45,,1,37
0,45,,0,47,,0,47,,1,50,,0,42,,0,43,,0,47,,0,52,,0,45,,1,38
0,45,,0,47,,0,47,,1,51,,1,43,,1,44,,1,48,,1,53,,0,45,,0,38
0,45,,0,47,,1,48,,0,51,,0,43,,1,45,,0,48,,1,54,,1,46,,1,39
0,45,,0,47,,0,48,,0,51,,0,43,,1,46,,0,48,,0,54,,0,46,,0,39
0,45,,1,48,,1,49,,0,51,,0,43,,0,46,,0,48,,1,55,,0,46,,0,39
0,45,,0,48,,0,49,,1,52,,0,43,,1,47,,0,48,,0,55,,1,47,,0,39
1,46,,1,49,,0,49,,0,52,,1,44,,0,47,,1,49,,0,55,,1,48,,0,39
0,46,,1,50,,0,49,,0,52,,0,44,,0,47,,0,49,,0,55,,0,48,,0,39
0,46,,0,50,,0,49,,0,52,,1,45,,0,47,,1,50,,1,56,,1,49,,0,39
0,46,,0,50,,0,49,,1,53,,0,45,,0,47,,0,50,,0,56,,1,50,,0,39
0,46,,1,51,,0,49,,0,53,,0,45,,0,47,,0,50,,1,57,,0,50,,1,40
0,46,,1,52,,1,50,,0,53,,1,46,,0,47,,0,50,,1,58,,1,51,,0,40
1,47,,0,52,,0,50,,0,53,,0,46,,1,48,,0,50,,0,58,,0,51,,0,40
0,47,,0,52,,0,50,,0,53,,0,46,,0,48,,0,50,,0,58,,0,51,,0,40
0,47,,0,52,,0,50,,1,54,,0,46,,0,48,,1,51,,0,58,,1,52,,1,41
0,47,,0,52,,0,50,,0,54,,1,47,,1,49,,0,51,,0,58,,0,52,,0,41
1,48,,0,52,,0,50,,0,54,,0,47,,0,49,,1,52,,1,59,,1,53,,1,42
0,48,,0,52,,1,51,,0,54,,1,48,,0,49,,1,53,,0,59,,0,53,,0,42
0,48,,1,53,,0,51,,1,55,,0,48,,0,49,,0,53,,1,60,,0,53,,0,42
1,49,,0,53,,0,51,,1,56,,0,48,,0,49,,0,53,,0,60,,1,54,,0,42
0,49,,1,54,,0,51,,1,57,,0,48,,1,50,,0,53,,0,60,,0,54,,1,43
0,49,,1,55,,1,52,,1,58,,0,48,,0,50,,0,53,,1,61,,0,54,,1,44
0,49,,0,55,,0,52,,1,59,,0,48,,1,51,,0,53,,0,61,,1,55,,1,45
0,49,,0,55,,0,52,,0,59,,1,49,,0,51,,0,53,,0,61,,1,56,,0,45
1,50,,0,55,,0,52,,0,59,,0,49,,0,51,,0,53,,1,62,,0,56,,0,45
1,51,,1,56,,0,52,,1,60,,0,49,,1,52,,1,54,,1,63,,0,56,,1,46
0,51,,0,56,,0,52,,0,60,,0,49,,0,52,,0,54,,1,64,,0,56,,1,47
0,51,,1,57,,0,52,,0,60,,0,49,,0,52,,1,55,,0,64,,0,56,,0,47
0,51,,0,57,,0,52,,0,60,,0,49,,0,52,,0,55,,1,65,,0,56,,0,47
1,52,,0,57,,0,52,,0,60,,0,49,,0,52,,0,55,,0,65,,0,56,,0,47
0,52,,0,57,,0,52,,1,61,,0,49,,0,52,,0,55,,0,65,,1,57,,0,47
0,52,,0,57,,0,52,,0,61,,0,49,,0,52,,0,55,,0,65,,0,57,,1,48
1,53,,1,58,,0,52,,0,61,,1,50,,0,52,,0,55,,1,66,,0,57,,0,48
0,53,,0,58,,0,52,,0,61,,0,50,,0,52,,1,56,,0,66,,0,57,,1,49
1,54,,0,58,,0,52,,0,61,,1,51,,0,52,,0,56,,0,66,,0,57,,0,49
0,54,,1,59,,0,52,,1,62,,0,51,,1,53,,1,57,,1,67,,0,57,,0,49
0,54,,0,59,,0,52,,1,63,,0,51,,0,53,,0,57,,1,68,,0,57,,0,49
1,55,,0,59,,0,52,,0,63,,0,51,,0,53,,0,57,,0,68,,0,57,,0,49
0,55,,1,60,,1,53,,0,63,,0,51,,0,53,,1,58,,1,69,,0,57,,1,50
0,55,,1,61,,0,53,,1,64,,0,51,,1,54,,0,58,,0,69,,0,57,,0,50
0,55,,0,61,,0,53,,0,64,,0,51,,0,54,,0,58,,0,69,,1,58,,1,51
0,55,,0,61,,0,53,,1,65,,0,51,,0,54,,0,58,,0,69,,0,58,,0,51
0,55,,0,61,,1,54,,0,65,,1,52,,0,54,,0,58,,0,69,,1,59,,1,52
0,55,,1,62,,0,54,,0,65,,1,53,,1,55,,0,58,,0,69,,1,60,,1,53
0,55,,0,62,,0,54,,0,65,,0,53,,0,55,,0,58,,0,69,,0,60,,1,54
1,56,,0,62,,0,54,,1,66,,1,54,,1,56,,0,58,,0,69,,0,60,,0,54
0,56,,0,62,,1,55,,0,66,,0,54,,1,57,,1,59,,0,69,,0,60,,1,55
1,57,,0,62,,0,55,,0,66,,0,54,,0,57,,0,59,,0,69,,1,61,,0,55
0,57,,1,63,,1,56,,1,67,,1,55,,0,57,,1,60,,0,69,,0,61,,0,55
0,57,,1,64,,0,56,,0,67,,1,56,,0,57,,1,61,,0,69,,1,62,,0,55
1,58,,0,64,,0,56,,0,67,,1,57,,1,58,,1,62,,0,69,,0,62,,0,55
0,58,,1,65,,1,57,,1,68,,0,57,,1,59,,0,62,,1,70,,1,63,,1,56
0,58,,1,66,,0,57,,0,68,,0,57,,1,60,,0,62,,0,70,,0,63,,0,56
0,58,,1,67,,0,57,,0,68,,1,58,,1,61,,0,62,,0,70,,0,63,,0,56
0,58,,0,67,,0,57,,0,68,,0,58,,0,61,,0,62,,0,70,,0,63,,0,56
0,58,,0,67,,0,57,,1,69,,1,59,,0,61,,0,62,,1,71,,0,63,,1,57
0,58,,1,68,,0,57,,0,69,,0,59,,1,62,,1,63,,0,71,,0,63,,0,57
0,58,,0,68,,0,57,,1,70,,0,59,,0,62,,1,64,,1,72,,1,64,,0,57
1,59,,0,68,,0,57,,1,71,,0,59,,1,63,,1,65,,1,73,,1,65,,0,57
1,60,,0,68,,1,58,,0,71,,0,59,,1,64,,0,65,,1,74,,0,65,,0,57
1,61,,1,69,,0,58,,0,71,,0,59,,0,64,,1,66,,0,74,,1,66,,0,57
1,62,,0,69,,0,58,,0,71,,1,60,,1,65,,1,67,,0,74,,0,66,,0,57
0,62,,0,69,,1,59,,0,71,,0,60,,0,65,,1,68,,0,74,,0,66,,0,57
0,62,,0,69,,1,60,,0,71,,0,60,,0,65,,0,68,,0,74,,0,66,,0,57
1,63,,0,69,,0,60,,1,72,,0,60,,0,65,,0,68,,0,74,,0,66,,1,58
0,63,,1,70,,0,60,,0,72,,0,60,,0,65,,0,68,,0,74,,1,67,,1,59
0,63,,1,71,,0,60,,0,72,,0,60,,1,66,,0,68,,1,75,,0,67,,0,59
1,64,,1,72,,0,60,,0,72,,0,60,,0,66,,0,68,,0,75,,0,67,,0,59
0,64,,0,72,,0,60,,1,73,,1,61,,0,66,,0,68,,0,75,,1,68,,0,59
0,64,,1,73,,0,60,,0,73,,0,61,,0,66,,0,68,,0,75,,0,68,,0,59
0,64,,0,73,,1,61,,1,74,,0,61,,0,66,,0,68,,0,75,,0,68,,1,60
0,64,,0,73,,0,61,,0,74,,0,61,,1,67,,1,69,,0,75,,0,68,,0,60
0,64,,1,74,,0,61,,0,74,,0,61,,0,67,,1,70,,0,75,,1,69,,0,60
0,64,,1,75,,0,61,,1,75,,0,61,,0,67,,0,70,,0,75,,0,69,,1,61
0,64,,0,75,,0,61,,0,75,,0,61,,0,67,,0,70,,1,76,,0,69,,1,62
0,64,,1,76,,0,61,,0,75,,1,62,,1,68,,0,70,,1,77,,0,69,,0,62
0,64,,0,76,,0,61,,0,75,,1,63,,0,68,,0,70,,0,77,,0,69,,0,62
0,64,,0,76,,0,61,,1,76,,0,63,,1,69,,0,70,,0,77,,1,70,,1,63
0,64,,0,76,,0,61,,1,77,,0,63,,0,69,,1,71,,1,78,,0,70,,0,63
0,64,,0,76,,1,62,,1,78,,1,64,,0,69,,0,71,,1,79,,0,70,,1,64
1,65,,1,77,,0,62,,1,79,,0,64,,0,69,,0,71,,0,79,,1,71,,0,64
0,65,,1,78,,0,62,,0,79,,0,64,,1,70,,1,72,,0,79,,1,72,,0,64
0,65,,0,78,,0,62,,1,80,,1,65,,0,70,,0,72,,1,80,,0,72,,1,65
0,65,,0,78,,0,62,,0,80,,1,66,,0,70,,0,72,,1,81,,1,73,,1,66
0,65,,1,79,,1,63,,1,81,,0,66,,1,71,,0,72,,1,82,,0,73,,1,67
0,65,,0,79,,0,63,,1,82,,1,67,,1,72,,0,72,,0,82,,1,74,,0,67
0,65,,0,79,,1,64,,1,83,,1,68,,0,72,,1,73,,0,82,,0,74,,0,67
0,65,,0,79,,0,64,,1,84,,1,69,,1,73,,1,74,,0,82,,0,74,,1,68
1,66,,1,80,,0,64,,0,84,,0,69,,0,73,,1,75,,1,83,,0,74,,0,68
1,67,,1,81,,0,64,,1,85,,1,70,,1,74,,1,76,,1,84,,0,74,,0,68
0,67,,0,81,,1,65,,1,86,,0,70,,1,75,,1,77,,0,84,,0,74,,0,68
1,68,,0,81,,0,65,,0,86,,1,71,,0,75,,0,77,,0,84,,0,74,,1,69
1,69,,1,82,,0,65,,1,87,,1,72,,0,75,,0,77,,0,84,,0,74,,0,69
1,70,,1,83,,1,66,,0,87,,0,72,,1,76,,1,78,,1,85,,0,74,,0,69
0,70,,1,84,,0,66,,0,87,,0,72,,0,76,,0,78,,0,85,,1,75,,0,69
0,70,,0,84,,0,66,,1,88,,0,72,,0,76,,1,79,,1,86,,0,75,,1,70
1,71,,0,84,,0,66,,1,89,,1,73,,0,76,,0,79,,0,86,,0,75,,1,71
0,71,,0,84,,0,66,,0,89,,0,73,,1,77,,0,79,,1,87,,1,76,,0,71
0,71,,0,84,,0,66,,0,89,,0,73,,1,78,,1,80,,1,88,,0,76,,0,71
1,72,,1,85,,0,66,,0,89,,0,73,,0,78,,0,80,,0,88,,1,77,,1,72
0,72,,1,86,,0,66,,1,90,,0,73,,1,79,,0,80,,1,89,,1,78,,0,72
0,72,,1,87,,0,66,,1,91,,0,73,,1,80,,0,80,,1,90,,1,79,,0,72
1,73,,0,87,,0,66,,1,92,,0,73,,1,81,,0,80,,1,91,,1,80,,0,72
1,74,,0,87,,0,66,,0,92,,0,73,,1,82,,0,80,,0,91,,0,80,,0,72
0,74,,1,88,,0,66,,0,92,,1,74,,1,83,,1,81,,0,91,,0,80,,1,73
0,74,,1,89,,0,66,,1,93,,0,74,,0,83,,0,81,,0,91,,0,80,,0,73
1,75,,0,89,,0,66,,1,94,,0,74,,1,84,,0,81,,1,92,,0,80,,0,73
1,76,,0,89,,1,67,,0,94,,1,75,,1,85,,1,82,,1,93,,0,80,,1,74
1,77,,0,89,,1,68,,0,94,,0,75,,0,85,,1,83,,0,93,,0,80,,0,74
0,77,,1,90,,0,68,,1,95,,0,75,,0,85,,1,84,,1,94,,0,80,,0,74
0,77,,1,91,,0,68,,1,96,,0,75,,0,85,,1,85,,0,94,,0,80,,0,74
0,77,,1,92,,0,68,,1,97,,1,76,,0,85,,0,85,,1,95,,0,80,,1,75
1,78,,0,92,,0,68,,0,97,,1,77,,0,85,,1,86,,0,95,,0,80,,0,75
0,78,,1,93,,1,69,,1,98,,0,77,,0,85,,0,86,,0,95,,1,81,,1,76
0,78,,0,93,,0,69,,0,98,,0,77,,1,86,,0,86,,0,95,,0,81,,0,76
0,78,,1,94,,1,70,,0,98,,0,77,,0,86,,1,87,,1,96,,0,81,,0,76
1,79,,1,95,,1,71,,0,98,,1,78,,1,87,,1,88,,0,96,,0,81,,1,77
1,80,,0,95,,0,71,,1,99,,0,78,,0,87,,1,89,,0,96,,1,82,,0,77
1,81,,0,95,,0,71,,1,100,,0,78,,0,87,,0,89,,1,97,,0,82,,0,77
0,81,,1,96,,1,72,,1,101,,1,79,,1,88,,0,89,,0,97,,0,82,,0,77
1,82,,0,96,,1,73,,1,102,,0,79,,0,88,,0,89,,0,97,,0,82,,0,77
0,82,,0,96,,0,73,,1,103,,1,80,,0,88,,0,89,,0,97,,0,82,,0,77
0,82,,1,97,,0,73,,0,103,,1,81,,1,89,,1,90,,0,97,,0,82,,0,77
1,83,,0,97,,0,73,,1,104,,0,81,,0,89,,0,90,,1,98,,0,82,,0,77
1,84,,1,98,,1,74,,1,105,,1,82,,0,89,,0,90,,0,98,,0,82,,0,77
0,84,,0,98,,0,74,,1,106,,1,83,,0,89,,1,91,,0,98,,0,82,,0,77
0,84,,0,98,,1,75,,0,106,,0,83,,0,89,,1,92,,0,98,,0,82,,1,78
1,85,,1,99,,0,75,,0,106,,1,84,,0,89,,1,93,,1,99,,0,82,,1,79
0,85,,0,99,,1,76,,1,107,,0,84,,0,89,,0,93,,1,100,,1,83,,1,80
1,86,,1,100,,0,76,,0,107,,0,84,,1,90,,0,93,,1,101,,0,83,,0,80
1,87,,1,101,,1,77,,0,107,,0,84,,1,91,,0,93,,1,102,,0,83,,1,81
1,88,,1,102,,1,78,,0,107,,1,85,,0,91,,0,93,,1,103,,0,83,,0,81
0,88,,1,103,,1,79,,0,107,,0,85,,1,92,,0,93,,0,103,,1,84,,1,82
0,88,,0,103,,1,80,,1,108,,1,86,,0,92,,0,93,,0,103,,0,84,,1,83
0,88,,0,103,,0,80,,0,108,,1,87,,1,93,,0,93,,1,104,,1,85,,1,84
1,89,,0,103,,0,80,,0,108,,0,87,,0,93,,0,93,,1,105,,0,85,,1,85
0,89,,1,104,,1,81,,1,109,,1,88,,0,93,,0,93,,1,106,,0,85,,0,85
1,90,,1,105,,1,82,,0,109,,0,88,,0,93,,0,93,,0,106,,0,85,,0,85
0,90,,0,105,,1,83,,0,109,,1,89,,0,93,,0,93,,0,106,,1,86,,0,85
0,90,,1,106,,1,84,,0,109,,0,89,,1,94,,1,94,,0,106,,0,86,,0,85
1,91,,1,107,,0,84,,1,110,,0,89,,0,94,,0,94,,1,107,,1,87,,0,85
0,91,,1,108,,0,84,,1,111,,0,89,,0,94,,1,95,,1,108,,0,87,,0,85
0,91,,0,108,,0,84,,1,112,,0,89,,0,94,,1,96,,1,109,,0,87,,0,85
0,91,,0,108,,1,85,,0,112,,1,90,,1,95,,0,96,,1,110,,1,88,,1,86
0,91,,1,109,,1,86,,1,113,,1,91,,0,95,,0,96,,1,111,,1,89,,0,86
1,92,,0,109,,1,87,,1,114,,0,91,,1,96,,1,97,,0,111,,0,89,,0,86
0,92,,1,110,,1,88,,0,114,,1,92,,1,97,,1,98,,1,112,,0,89,,1,87
0,92,,1,111,,1,89,,0,114,,0,92,,0,97,,0,98,,0,112,,1,90,,1,88
0,92,,0,111,,1,90,,1,115,,0,92,,0,97,,0,98,,0,112,,0,90,,0,88
1,93,,0,111,,0,90,,0,115,,1,93,,0,97,,1,99,,0,112,,0,90,,0,88
1,94,,1,112,,0,90,,1,116,,1,94,,0,97,,0,99,,1,113,,0,90,,1,89
0,94,,0,112,,0,90,,1,117,,1,95,,1,98,,1,100,,0,113,,0,90,,0,89
0,94,,1,113,,0,90,,0,117,,1,96,,0,98,,1,101,,0,113,,0,90,,0,89
0,94,,0,113,,0,90,,0,117,,0,96,,1,99,,0,101,,1,114,,1,91,,1,90
0,94,,1,114,,0,90,,1,118,,0,96,,1,100,,1,102,,0,114,,0,91,,0,90
0,94,,0,114,,0,90,,0,118,,1,97,,1,101,,1,103,,0,114,,1,92,,1,91
0,94,,1,115,,0,90,,1,119,,0,97,,1,102,,0,103,,1,115,,0,92,,0,91
0,94,,0,115,,1,91,,0,119,,0,97,,0,102,,1,104,,1,116,,1,93,,1,92
1,95,,0,115,,0,91,,0,119,,0,97,,0,102,,1,105,,0,116,,1,94,,0,92
1,96,,0,115,,0,91,,1,120,,0,97,,0,102,,0,105,,1,117,,1,95,,0,92
1,97,,1,116,,1,92,,0,120,,1,98,,1,103,,0,105,,0,117,,0,95,,1,93
0,97,,0,116,,1,93,,0,120,,1,99,,1,104,,0,105,,1,118,,0,95,,1,94
0,97,,0,116,,1,94,,0,120,,0,99,,0,104,,1,106,,0,118,,1,96,,0,94
0,97,,1,117,,1,95,,1,121,,0,99,,1,105,,0,106,,0,118,,1,97,,0,94
0,97,,0,117,,1,96,,0,121,,1,100,,0,105,,0,106,,1,119,,0,97,,1,95
0,97,,1,118,,1,97,,0,121,,0,100,,0,105,,1,107,,1,120,,0,97,,1,96
0,97,,1,119,,1,98,,1,122,,1,101,,0,105,,0,107,,0,120,,0,97,,1,97
1,98,,0,119,,1,99,,0,122,,0,101,,1,106,,1,108,,0,120,,0,97,,0,97
0,98,,1,120,,1,100,,1,123,,1,102,,0,106,,0,108,,1,121,,0,97,,0,97
1,99,,1,121,,0,100,,0,123,,0,102,,0,106,,1,109,,0,121,,1,98,,1,98
0,99,,1,122,,1,101,,0,123,,0,102,,1,107,,0,109,,1,122,,1,99,,0,98
0,99,,0,122,,1,102,,0,123,,1,103,,1,108,,1,110,,0,122,,0,99,,0,98
1,100,,1,123,,0,102,,0,123,,1,104,,1,109,,1,111,,0,122,,0,99,,0,98
1,101,,1,124,,0,102,,1,124,,0,104,,1,110,,0,111,,1,123,,1,100,,0,98
0,101,,1,125,,0,102,,1,125,,0,104,,1,111,,0,111,,0,123,,1,101,,1,99
0,101,,0,125,,1,103,,0,125,,0,104,,1,112,,1,112,,0,123,,0,101,,1,100
0,101,,0,125,,1,104,,0,125,,1,105,,1,113,,1,113,,1,124,,1,102,,1,101
0,101,,0,125,,1,105,,1,126,,1,106,,1,114,,1,114,,0,124,,0,102,,0,101
0,101,,0,125,,1,106,,1,127,,0,106,,1,115,,1,115,,1,125,,0,102,,0,101
0,101,,0,125,,0,106,,0,127,,0,106,,1,116,,0,115,,0,125,,1,103,,0,101
1,102,,0,125,,1,107,,0,127,,0,106,,0,116,,0,115,,1,126,,1,104,,0,101
1,103,,1,126,,0,107,,0,127,,0,106,,0,116,,0,115,,1,127,,1,105,,0,101
1,104,,0,126,,0,107,,0,127,,1,107,,1,117,,0,115,,1,128,,1,106,,1,102
1,105,,0,126,,1,108,,0,127,,1,108,,0,117,,0,115,,0,128,,1,107,,0,102
1,106,,1,127,,1,109,,1,128,,1,109,,1,118,,1,116,,1,129,,0,107,,1,103
0,106,,1,128,,1,110,,0,128,,0,109,,0,118,,1,117,,0,129,,1,108,,1,104
0,106,,0,128,,0,110,,0,128,,0,109,,1,119,,0,117,,1,130,,0,108,,0,104
0,106,,0,128,,1,111,,0,128,,1,110,,1,120,,1,118,,1,131,,0,108,,1,105
0,106,,1,129,,1,112,,0,128,,0,110,,1,121,,0,118,,0,131,,0,108,,1,106
1,107,,0,129,,1,113,,1,129,,1,111,,1,122,,1,119,,1,132,,0,108,,0,106
0,107,,1,130,,1,114,,0,129,,1,112,,1,123,,1,120,,1,133,,1,109,,1,107
1,108,,1,131,,1,115,,0,129,,1,113,,0,123,,1,121,,0,133,,0,109,,1,108
1,109,,1,132,,0,115,,1,130,,0,113,,1,124,,1,122,,1,134,,0,109,,0,108
0,109,,0,132,,0,115,,0,130,,0,113,,0,124,,0,122,,0,134,,0,109,,1,109
0,109,,1,133,,0,115,,1,131,,1,114,,1,125,,1,123,,1,135,,1,110,,0,109
1,110,,0,133,,0,115,,0,131,,0,114,,1,126,,1,124,,0,135,,0,110,,0,109
1,111,,0,133,,0,115,,1,132,,0,114,,0,126,,1,125,,0,135,,1,111,,0,109
1,112,,0,133,,1,116,,1,133,,1,115,,0,126,,1,126,,0,135,,0,111,,1,110
0,112,,1,134,,0,116,,0,133,,1,116,,0,126,,0,126,,0,135,,0,111,,1,111
0,112,,1,135,,0,116,,0,133,,0,116,,0,126,,0,126,,1,136,,1,112,,0,111
1,113,,0,135,,1,117,,0,133,,1,117,,0,126,,0,126,,0,136,,1,113,,0,111
0,113,,1,136,,0,117,,1,134,,1,118,,1,127,,0,126,,0,136,,1,114,,0,111
0,113,,1,137,,1,118,,0,134,,1,119,,1,128,,0,126,,0,136,,1,115,,0,111
1,114,,1,138,,1,119,,0,134,,0,119,,0,128,,0,126,,1,137,,0,115,,0,111
0,114,,0,138,,1,120,,1,135,,1,120,,1,129,,0,126,,0,137,,1,116,,0,111
0,114,,0,138,,1,121,,1,136,,1,121,,0,129,,0,126,,0,137,,1,117,,0,111
1,115,,1,139,,1,122,,0,136,,1,122,,0,129,,1,127,,1,138,,0,117,,1,112
1,116,,1,140,,0,122,,0,136,,0,122,,1,130,,1,128,,0,138,,1,118,,0,112
0,116,,0,140,,0,122,,1,137,,0,122,,0,130,,0,128,,1,139,,0,118,,1,113
0,116,,0,140,,0,122,,0,137,,1,123,,1,131,,0,128,,0,139,,1,119,,1,114
1,117,,1,141,,0,122,,1,138,,0,123,,0,131,,1,129,,1,140,,0,119,,0,114
0,117,,0,141,,0,122,,0,138,,1,124,,1,132,,0,129,,1,141,,1,120,,1,115
1,118,,0,141,,1,123,,1,139,,1,125,,1,133,,1,130,,1,142,,0,120,,0,115
0,118,,1,142,,0,123,,1,140,,0,125,,0,133,,1,131,,1,143,,0,120,,1,116
0,118,,0,142,,0,123,,0,140,,1,126,,1,134,,0,131,,0,143,,1,121,,1,117
0,118,,1,143,,0,123,,1,141,,0,126,,0,134,,0,131,,1,144,,0,121,,0,117
0,118,,1,144,,0,123,,1,142,,0,126,,0,134,,0,131,,1,145,,0,121,,1,118
0,118,,0,144,,0,123,,0,142,,0,126,,0,134,,0,131,,1,146,,1,122,,0,118
1,119,,0,144,,0,123,,0,142,,0,126,,1,135,,0,131,,1,147,,0,122,,0,118
1,120,,0,144,,1,124,,0,142,,1,127,,1,136,,0,131,,1,148,,0,122,,0,118
0,120,,0,144,,0,124,,1,143,,0,127,,0,136,,0,131,,0,148,,0,122,,0,118
0,120,,0,144,,1,125,,1,144,,0,127,,0,136,,0,131,,0,148,,1,123,,1,119
1,121,,0,144,,1,126,,0,144,,0,127,,1,137,,1,132,,0,148,,0,123,,0,119
1,122,,0,144,,1,127,,0,144,,0,127,,1,138,,0,132,,0,148,,0,123,,0,119
1,123,,0,144,,1,128,,0,144,,0,127,,0,138,,0,132,,0,148,,0,123,,1,120
1,124,,1,145,,1,129,,0,144,,0,127,,0,138,,0,132,,1,149,,0,123,,0,120
0,124,,0,145,,1,130,,0,144,,0,127,,0,138,,1,133,,1,150,,1,124,,0,120
0,124,,0,145,,1,131,,0,144,,0,127,,0,138,,0,133,,1,151,,1,125,,1,121
1,125,,1,146,,1,132,,1,145,,1,128,,1,139,,0,133,,1,152,,0,125,,1,122
0,125,,1,147,,1,133,,0,145,,0,128,,1,140,,1,134,,0,152,,1,126,,0,122
1,126,,0,147,,1,134,,0,145,,1,129,,0,140,,0,134,,0,152,,1,127,,0,122
1,127,,1,148,,0,134,,0,145,,0,129,,1,141,,0,134,,1,153,,1,128,,0,122
0,127,,0,148,,1,135,,1,146,,0,129,,1,142,,1,135,,1,154,,0,128,,0,122
0,127,,1,149,,0,135,,0,146,,1,130,,0,142,,0,135,,0,154,,1,129,,0,122
1,128,,1,150,,0,135,,1,147,,0,130,,1,143,,0,135,,1,155,,0,129,,1,123
1,129,,1,151,,1,136,,0,147,,0,130,,0,143,,0,135,,0,155,,0,129,,1,124
0,129,,0,151,,1,137,,0,147,,1,131,,1,144,,0,135,,1,156,,0,129,,1,125
0,129,,1,152,,1,138,,1,148,,1,132,,0,144,,0,135,,0,156,,0,129,,1,126
0,129,,0,152,,0,138,,1,149,,1,133,,1,145,,1,136,,0,156,,0,129,,0,126
1,130,,0,152,,1,139,,0,149,,1,134,,0,145,,0,136,,1,157,,1,130,,0,126
1,131,,1,153,,0,139,,0,149,,1,135,,1,146,,1,137,,1,158,,1,131,,0,126
1,132,,0,153,,0,139,,0,149,,0,135,,1,147,,1,138,,1,159,,1,132,,1,127
0,132,,1,154,,0,139,,0,149,,1,136,,1,148,,1,139,,1,160,,1,133,,1,128
0,132,,0,154,,1,140,,0,149,,1,137,,0,148,,1,140,,1,161,,0,133,,0,128
1,133,,0,154,,0,140,,1,150,,1,138,,0,148,,1,141,,0,161,,1,134,,0,128
0,133,,1,155,,0,140,,1,151,,0,138,,0,148,,0,141,,1,162,,0,134,,1,129
1,134,,0,155,,0,140,,1,152,,1,139,,1,149,,0,141,,1,163,,0,134,,1,130
1,135,,1,156,,0,140,,1,153,,1,140,,0,149,,1,142,,1,164,,1,135,,1,131
1,136,,1,157,,1,141,,1,154,,1,141,,0,149,,0,142,,1,165,,1,136,,0,131
1,137,,1,158,,1,142,,1,155,,1,142,,0,149,,1,143,,0,165,,1,137,,1,132
0,137,,1,159,,1,143,,1,156,,1,143,,0,149,,1,144,,0,165,,0,137,,0,132
1,138,,1,160,,1,144,,0,156,,0,143,,1,150,,1,145,,1,166,,1,138,,0,132
0,138,,1,161,,0,144,,1,157,,0,143,,1,151,,1,146,,0,166,,1,139,,1,133
1,139,,0,161,,0,144,,1,158,,0,143,,1,152,,0,146,,0,166,,1,140,,1,134
1,140,,0,161,,1,145,,1,159,,0,143,,1,153,,1,147,,0,166,,1,141,,1,135
1,141,,1,162,,1,146,,1,160,,1,144,,1,154,,1,148,,1,167,,0,141,,0,135
1,142,,0,162,,0,146,,0,160,,0,144,,1,155,,1,149,,1,168,,1,142,,1,136
1,143,,1,163,,0,146,,0,160,,1,145,,0,155,,0,149,,1,169,,0,142,,1,137
0,143,,1,164,,1,147,,1,161,,0,145,,0,155,,0,149,,1,170,,1,143,,1,138
0,143,,0,164,,1,148,,0,161,,1,146,,0,155,,1,150,,1,171,,0,143,,1,139
1,144,,0,164,,1,149,,0,161,,0,146,,1,156,,1,151,,0,171,,1,144,,0,139
0,144,,0,164,,1,150,,1,162,,1,147,,0,156,,0,151,,0,171,,1,145,,1,140
0,144,,0,164,,0,150,,0,162,,1,148,,0,156,,1,152,,1,172,,1,146,,0,140
0,144,,0,164,,1,151,,0,162,,0,148,,0,156,,0,152,,1,173,,1,147,,0,140
1,145,,0,164,,1,152,,0,162,,0,148,,1,157,,0,152,,0,173,,0,147,,1,141
0,145,,1,165,,0,152,,0,162,,1,149,,1,158,,1,153,,0,173,,1,148,,0,141
1,146,,1,166,,1,153,,1,163,,1,150,,1,159,,0,153,,1,174,,1,149,,1,142
1,147,,0,166,,1,154,,1,164,,1,151,,1,160,,1,154,,1,175,,1,150,,1,143
0,147,,1,167,,0,154,,0,164,,0,151,,0,160,,0,154,,0,175,,0,150,,0,143
0,147,,1,168,,1,155,,1,165,,0,151,,0,160,,1,155,,1,176,,1,151,,1,144
0,147,,0,168,,0,155,,1,166,,1,152,,0,160,,1,156,,0,176,,1,152,,1,145
0,147,,1,169,,1,156,,0,166,,0,152,,0,160,,1,157,,1,177,,1,153,,1,146
1,148,,0,169,,1,157,,0,166,,1,153,,1,161,,0,157,,1,178,,1,154,,0,146
0,148,,0,169,,0,157,,0,166,,0,153,,1,162,,1,158,,1,179,,0,154,,1,147
0,148,,1,170,,1,158,,1,167,,1,154,,1,163,,1,159,,1,180,,0,154,,0,147
0,148,,1,171,,0,158,,0,167,,1,155,,0,163,,0,159,,1,181,,0,154,,0,147
1,149,,1,172,,1,159,,0,167,,1,156,,0,163,,1,160,,1,182,,1,155,,1,148
1,150,,1,173,,1,160,,1,168,,1,157,,1,164,,1,161,,0,182,,0,155,,0,148
1,151,,1,174,,1,161,,1,169,,0,157,,0,164,,0,161,,0,182,,0,155,,1,149
0,151,,0,174,,1,162,,0,169,,0,157,,0,164,,0,161,,1,183,,0,155,,0,149
0,151,,1,175,,1,163,,0,169,,0,157,,1,165,,1,162,,0,183,,1,156,,1,150
1,152,,1,176,,0,163,,0,169,,1,158,,1,166,,0,162,,0,183,,1,157,,1,151
0,152,,0,176,,1,164,,0,169,,1,159,,0,166,,0,162,,0,183,,0,157,,1,152
0,152,,1,177,,0,164,,0,169,,1,160,,1,167,,1,163,,0,183,,1,158,,1,153
0,152,,1,178,,0,164,,1,170,,1,161,,0,167,,1,164,,1,184,,0,158,,1,154
0,152,,0,178,,1,165,,0,170,,0,161,,1,168,,1,165,,1,185,,1,159,,0,154
1,153,,1,179,,1,166,,1,171,,1,162,,0,168,,1,166,,1,186,,1,160,,0,154
1,154,,1,180,,0,166,,1,172,,1,163,,0,168,,0,166,,1,187,,0,160,,1,155
1,155,,1,181,,1,167,,1,173,,0,163,,0,168,,0,166,,1,188,,1,161,,0,155
0,155,,0,181,,0,167,,1,174,,1,164,,0,168,,1,167,,1,189,,1,162,,0,155
1,156,,1,182,,1,168,,1,175,,1,165,,1,169,,1,168,,1,190,,1,163,,0,155
0,156,,1,183,,0,168,,0,175,,0,165,,1,170,,1,169,,1,191,,1,164,,1,156
1,157,,1,184,,0,168,,0,175,,0,165,,1,171,,1,170,,0,191,,1,165,,1,157
0,157,,1,185,,0,168,,1,176,,1,166,,0,171,,1,171,,0,191,,0,165,,0,157
1,158,,1,186,,1,169,,0,176,,1,167,,0,171,,1,172,,0,191,,0,165,,0,157
0,158,,0,186,,1,170,,0,176,,1,168,,1,172,,1,173,,1,192,,1,166,,0,157
0,158,,0,186,,1,171,,0,176,,0,168,,1,173,,1,174,,1,193,,1,167,,1,158
0,158,,1,187,,1,172,,1,177,,0,168,,1,174,,1,175,,1,194,,1,168,,0,158
1,159,,1,188,,0,172,,1,178,,0,168,,1,175,,1,176,,0,194,,1,169,,0,158
1,160,,1,189,,0,172,,1,179,,1,169,,0,175,,1,177,,1,195,,0,169,,1,159
1,161,,1,190,,0,172,,1,180,,1,170,,1,176,,1,178,,0,195,,0,169,,0,159
1,162,,1,191,,0,172,,0,180,,1,171,,1,177,,1,179,,1,196,,0,169,,1,160
0,162,,0,191,,1,173,,1,181,,1,172,,0,177,,1,180,,0,196,,1,170,,0,160
1,163,,0,191,,1,174,,0,181,,1,173,,1,178,,0,180,,1,197,,1,171,,0,160
0,163,,1,192,,1,175,,1,182,,0,173,,0,178,,0,180,,1,198,,1,172,,1,161
1,164,,0,192,,1,176,,0,182,,1,174,,1,179,,0,180,,0,198,,1,173,,1,162
1,165,,0,192,,1,177,,0,182,,0,174,,1,180,,0,180,,1,199,,1,174,,0,162
0,165,,1,193,,1,178,,1,183,,1,175,,0,180,,1,181,,1,200,,1,175,,0,162
0,165,,1,194,,0,178,,1,184,,1,176,,0,180,,0,181,,0,200,,1,176,,1,163
1,166,,1,195,,1,179,,1,185,,1,177,,0,180,,0,181,,0,200,,1,177,,0,163
1,167,,0,195,,1,180,,0,185,,0,177,,1,181,,1,182,,1,201,,0,177,,0,163
1,168,,0,195,,0,180,,0,185,,1,178,,0,181,,1,183,,0,201,,1,178,,0,163
1,169,,1,196,,1,181,,1,186,,1,179,,0,181,,0,183,,1,202,,1,179,,0,163
1,170,,1,197,,0,181,,1,187,,1,180,,1,182,,0,183,,0,202,,0,179,,1,164
1,171,,0,197,,1,182,,1,188,,1,181,,1,183,,1,184,,1,203,,0,179,,1,165
0,171,,1,198,,1,183,,1,189,,1,182,,1,184,,1,185,,0,203,,0,179,,1,166
1,172,,1,199,,0,183,,0,189,,0,182,,0,184,,0,185,,0,203,,0,179,,1,167
1,173,,0,199,,1,184,,1,190,,0,182,,1,185,,0,185,,1,204,,0,179,,1,168
0,173,,1,200,,1,185,,0,190,,0,182,,0,185,,0,185,,1,205,,0,179,,0,168
1,174,,0,200,,1,186,,1,191,,1,183,,0,185,,1,186,,1,206,,0,179,,0,168
1,175,,0,200,,0,186,,0,191,,1,184,,1,186,,1,187,,1,207,,1,180,,0,168
1,176,,0,200,,0,186,,0,191,,1,185,,0,186,,0,187,,1,208,,0,180,,1,169
0,176,,0,200,,0,186,,1,192,,1,186,,0,186,,0,187,,1,209,,1,181,,1,170
1,177,,1,201,,0,186,,1,193,,1,187,,1,187,,1,188,,0,209,,0,181,,0,170
0,177,,1,202,,1,187,,0,193,,0,187,,0,187,,0,188,,1,210,,1,182,,0,170
1,178,,0,202,,1,188,,1,194,,1,188,,1,188,,0,188,,1,211,,0,182,,1,171
0,178,,1,203,,1,189,,0,194,,1,189,,1,189,,0,188,,1,212,,1,183,,0,171
1,179,,1,204,,0,189,,1,195,,1,190,,0,189,,0,188,,1,213,,1,184,,1,172
1,180,,1,205,,0,189,,0,195,,0,190,,1,190,,0,188,,0,213,,0,184,,1,173
1,181,,1,206,,0,189,,0,195,,0,190,,1,191,,0,188,,0,213,,1,185,,1,174
0,181,,1,207,,1,190,,0,195,,1,191,,1,192,,1,189,,0,213,,1,186,,1,175
1,182,,1,208,,0,190,,0,195,,1,192,,1,193,,1,190,,0,213,,0,186,,1,176
1,183,,1,209,,0,190,,1,196,,0,192,,1,194,,1,191,,0,213,,1,187,,1,177
1,184,,1,210,,0,190,,0,196,,0,192,,1,195,,1,192,,0,213,,1,188,,0,177
0,184,,1,211,,1,191,,1,197,,0,192,,1,196,,0,192,,0,213,,1,189,,1,178
0,184,,1,212,,1,192,,1,198,,1,193,,1,197,,0,192,,0,213,,0,189,,0,178
1,185,,0,212,,0,192,,1,199,,1,194,,1,198,,1,193,,1,214,,0,189,,1,179
1,186,,1,213,,0,192,,0,199,,1,195,,0,198,,1,194,,0,214,,1,190,,1,180
0,186,,0,213,,1,193,,1,200,,0,195,,1,199,,1,195,,1,215,,0,190,,0,180
0,186,,0,213,,0,193,,1,201,,0,195,,1,200,,1,196,,0,215,,0,190,,1,181
1,187,,0,213,,1,194,,1,202,,0,195,,1,201,,0,196,,1,216,,1,191,,0,181
1,188,,0,213,,1,195,,1,203,,1,196,,1,202,,1,197,,1,217,,1,192,,1,182
1,189,,1,214,,0,195,,1,204,,1,197,,1,203,,0,197,,1,218,,0,192,,0,182
0,189,,0,214,,1,196,,0,204,,1,198,,0,203,,1,198,,1,219,,1,193,,0,182
1,190,,0,214,,0,196,,1,205,,1,199,,1,204,,1,199,,1,220,,1,194,,1,183
0,190,,1,215,,0,196,,1,206,,0,199,,0,204,,1,200,,0,220,,0,194,,1,184
0,190,,1,216,,1,197,,1,207,,1,200,,1,205,,0,200,,1,221,,0,194,,0,184
1,191,,1,217,,0,197,,0,207,,0,200,,1,206,,1,201,,1,222,,1,195,,0,184
1,192,,0,217,,1,198,,1,208,,1,201,,1,207,,0,201,,1,223,,1,196,,0,184
1,193,,1,218,,0,198,,0,208,,1,202,,1,208,,0,201,,1,224,,0,196,,1,185
1,194,,0,218,,1,199,,1,209,,1,203,,0,208,,1,202,,1,225,,1,197,,0,185
0,194,,0,218,,1,200,,1,210,,1,204,,0,208,,1,203,,1,226,,0,197,,1,186
0,194,,1,219,,1,201,,0,210,,0,204,,1,209,,1,204,,1,227,,0,197,,1,187
1,195,,1,220,,0,201,,1,211,,0,204,,1,210,,0,204,,0,227,,1,198,,1,188
1,196,,0,220,,1,202,,1,212,,1,205,,1,211,,1,205,,1,228,,1,199,,0,188
1,197,,1,221,,1,203,,1,213,,0,205,,1,212,,0,205,,1,229,,1,200,,0,188
0,197,,1,222,,0,203,,0,213,,0,205,,1,213,,1,206,,1,230,,0,200,,1,189
0,197,,1,223,,0,203,,1,214,,1,206,,1,214,,0,206,,0,230,,0,200,,1,190
1,198,,0,223,,1,204,,1,215,,1,207,,1,215,,0,206,,0,230,,1,201,,0,190
0,198,,1,224,,0,204,,0,215,,0,207,,1,216,,1,207,,1,231,,1,202,,1,191
0,198,,1,225,,0,204,,1,216,,1,208,,1,217,,0,207,,0,231,,1,203,,0,191
1,199,,0,225,,0,204,,1,217,,1,209,,1,218,,0,207,,1,232,,1,204,,1,192
1,200,,1,226,,1,205,,1,218,,0,209,,0,218,,1,208,,0,232,,1,205,,1,193
1,201,,1,227,,1,206,,1,219,,0,209,,0,218,,1,209,,1,233,,1,206,,1,194
1,202,,0,227,,0,206,,1,220,,1,210,,1,219,,0,209,,1,234,,1,207,,0,194
0,202,,1,228,,0,206,,0,220,,1,211,,1,220,,0,209,,1,235,,1,208,,1,195
1,203,,1,229,,1,207,,1,221,,1,212,,1,221,,1,210,,1,236,,1,209,,0,195
1,204,,1,230,,1,208,,0,221,,0,212,,1,222,,1,211,,1,237,,1,210,,0,195
1,205,,1,231,,1,209,,0,221,,1,213,,1,223,,0,211,,1,238,,1,211,,1,196
1,206,,1,232,,0,209,,1,222,,1,214,,1,224,,0,211,,0,238,,1,212,,1,197
0,206,,0,232,,1,210,,0,222,,1,215,,0,224,,0,211,,1,239,,1,213,,0,197
0,206,,1,233,,0,210,,0,222,,1,216,,0,224,,1,212,,0,239,,0,213,,1,198
0,206,,1,234,,1,211,,1,223,,1,217,,1,225,,1,213,,0,239,,1,214,,1,199
1,207,,1,235,,1,212,,1,224,,0,217,,0,225,,1,214,,1,240,,1,215,,1,200
0,207,,1,236,,1,213,,1,225,,1,218,,1,226,,1,215,,1,241,,0,215,,1,201
0,207,,0,236,,0,213,,1,226,,0,218,,0,226,,1,216,,0,241,,1,216,,1,202
0,207,,1,237,,1,214,,1,227,,1,219,,1,227,,1,217,,0,241,,1,217,,1,203
1,208,,0,237,,1,215,,0,227,,0,219,,0,227,,1,218,,0,241,,0,217,,1,204
1,209,,0,237,,1,216,,1,228,,0,219,,0,227,,1,219,,1,242,,1,218,,1,205
1,210,,0,237,,1,217,,0,228,,1,220,,1,228,,0,219,,1,243,,1,219,,0,205
1,211,,1,238,,1,218,,1,229,,1,221,,0,228,,1,220,,1,244,,1,220,,1,206
0,211,,1,239,,1,219,,1,230,,1,222,,0,228,,1,221,,1,245,,1,221,,0,206
1,212,,1,240,,1,220,,1,231,,1,223,,1,229,,1,222,,1,246,,0,221,,1,207
1,213,,1,241,,1,221,,1,232,,1,224,,1,230,,1,223,,1,247,,1,222,,1,208
1,214,,1,242,,0,221,,0,232,,0,224,,1,231,,1,224,,1,248,,1,223,,1,209
1,215,,1,243,,1,222,,0,232,,1,225,,1,232,,0,224,,1,249,,1,224,,1,210
1,216,,0,243,,0,222,,1,233,,1,226,,1,233,,1,225,,1,250,,1,225,,1,211
1,217,,0,243,,0,222,,0,233,,1,227,,0,233,,1,226,,1,251,,1,226,,1,212
1,218,,1,244,,1,223,,0,233,,0,227,,0,233,,1,227,,0,251,,0,226,,1,213
0,218,,0,244,,1,224,,1,234,,1,228,,1,234,,1,228,,1,252,,1,227,,1,214
1,219,,1,245,,1,225,,1,235,,1,229,,1,235,,1,229,,0,252,,1,228,,1,215
1,220,,0,245,,0,225,,0,235,,1,230,,1,236,,1,230,,1,253,,0,228,,0,215
1,221,,0,245,,0,225,,1,236,,1,231,,1,237,,0,230,,1,254,,0,228,,1,216
1,222,,1,246,,1,226,,0,236,,1,232,,0,237,,1,231,,0,254,,1,229,,1,217
1,223,,1,247,,1,227,,1,237,,1,233,,1,238,,0,231,,1,255,,1,230,,1,218
1,224,,1,248,,1,228,,0,237,,0,233,,0,238,,0,231,,1,256,,1,231,,1,219
0,224,,0,248,,1,229,,1,238,,0,233,,1,239,,0,231,,1,257,,1,232,,1,220
0,224,,1,249,,1,230,,0,238,,0,233,,1,240,,1,232,,1,258,,0,232,,1,221
0,224,,0,249,,1,231,,0,238,,0,233,,0,240,,0,232,,1,259,,1,233,,1,222
1,225,,0,249,,1,232,,0,238,,0,233,,1,241,,1,233,,0,259,,1,234,,1,223
1,226,,1,250,,0,232,,1,239,,1,234,,1,242,,0,233,,1,260,,1,235,,1,224
0,226,,1,251,,0,232,,1,240,,1,235,,0,242,,1,234,,1,261,,1,236,,1,225
0,226,,1,252,,1,233,,1,241,,1,236,,1,243,,0,234,,1,262,,1,237,,1,226
1,227,,0,252,,1,234,,1,242,,0,236,,0,243,,0,234,,1,263,,0,237,,0,226
0,227,,1,253,,1,235,,1,243,,0,236,,1,244,,1,235,,0,263,,1,238,,1,227
1,228,,1,254,,1,236,,1,244,,1,237,,0,244,,1,236,,1,264,,0,238,,0,227
1,229,,1,255,,1,237,,1,245,,1,238,,1,245,,1,237,,1,265,,1,239,,1,228
0,229,,0,255,,0,237,,1,246,,1,239,,1,246,,1,238,,1,266,,1,240,,1,229
0,229,,0,255,,0,237,,1,247,,0,239,,1,247,,1,239,,1,267,,1,241,,1,230
0,229,,1,256,,0,237,,1,248,,1,240,,1,248,,1,240,,1,268,,1,242,,1,231
0,229,,1,257,,1,238,,1,249,,1,241,,0,248,,1,241,,1,269,,1,243,,1,232
1,230,,0,257,,0,238,,0,249,,0,241,,1,249,,1,242,,0,269,,1,244,,1,233
0,230,,1,258,,1,239,,0,249,,0,241,,1,250,,0,242,,1,270,,0,244,,1,234
1,231,,1,259,,0,239,,1,250,,1,242,,0,250,,1,243,,0,270,,1,245,,0,234
1,232,,1,260,,1,240,,1,251,,1,243,,1,251,,1,244,,1,271,,1,246,,0,234
1,233,,1,261,,0,240,,0,251,,1,244,,1,252,,1,245,,0,271,,1,247,,1,235
1,234,,1,262,,1,241,,0,251,,1,245,,0,252,,0,245,,0,271,,1,248,,1,236
1,235,,1,263,,1,242,,1,252,,1,246,,1,253,,1,246,,0,271,,1,249,,1,237
1,236,,0,263,,1,243,,1,253,,1,247,,0,253,,1,247,,1,272,,1,250,,1,238
1,237,,1,264,,0,243,,1,254,,0,247,,1,254,,1,248,,0,272,,1,251,,1,239
1,238,,1,265,,1,244,,1,255,,1,248,,1,255,,1,249,,1,273,,1,252,,1,240
1,239,,1,266,,1,245,,1,256,,0,248,,1,256,,1,250,,0,273,,0,252,,1,241
0,239,,0,266,,1,246,,1,257,,1,249,,1,257,,1,251,,1,274,,1,253,,1,242
1,240,,0,266,,0,246,,1,258,,0,249,,1,258,,1,252,,0,274,,1,254,,0,242
0,240,,0,266,,1,247,,1,259,,1,250,,0,258,,1,253,,0,274,,1,255,,1,243
1,241,,1,267,,1,248,,1,260,,0,250,,1,259,,0,253,,0,274,,0,255,,0,243
1,242,,1,268,,1,249,,1,261,,1,251,,0,259,,1,254,,1,275,,1,256,,1,244
1,243,,1,269,,1,250,,1,262,,0,251,,0,259,,1,255,,1,276,,1,257,,1,245
1,244,,1,270,,1,251,,1,263,,1,252,,0,259,,0,255,,0,276,,1,258,,1,246
1,245,,0,270,,0,251,,0,263,,1,253,,0,259,,0,255,,0,276,,0,258,,1,247
1,246,,1,271,,1,252,,0,263,,0,253,,1,260,,1,256,,1,277,,0,258,,1,248
1,247,,1,272,,1,253,,0,263,,1,254,,0,260,,1,257,,0,277,,1,259,,1,249
1,248,,0,272,,1,254,,1,264,,0,254,,1,261,,0,257,,1,278,,0,259,,1,250
1,249,,1,273,,0,254,,1,265,,0,254,,1,262,,1,258,,0,278,,1,260,,1,251
1,250,,1,274,,1,255,,0,265,,1,255,,1,263,,1,259,,1,279,,0,260,,1,252
1,251,,1,275,,1,256,,0,265,,1,256,,1,264,,1,260,,0,279,,0,260,,0,252
1,252,,1,276,,0,256,,1,266,,0,256,,1,265,,0,260,,0,279,,1,261,,0,252
1,253,,1,277,,1,257,,0,266,,1,257,,1,266,,0,260,,0,279,,1,262,,0,252
0,253,,1,278,,1,258,,1,267,,0,257,,1,267,,1,261,,1,280,,1,263,,1,253
1,254,,0,278,,0,258,,0,267,,1,258,,1,268,,1,262,,1,281,,1,264,,1,254
1,255,,1,279,,1,259,,1,268,,1,259,,0,268,,0,262,,1,282,,1,265,,0,254
1,256,,1,280,,1,260,,1,269,,1,260,,1,269,,0,262,,1,283,,0,265,,1,255
1,257,,0,280,,1,261,,0,269,,0,260,,1,270,,0,262,,0,283,,1,266,,1,256
0,257,,1,281,,0,261,,0,269,,1,261,,1,271,,0,262,,0,283,,1,267,,1,257
0,257,,0,281,,1,262,,1,270,,1,262,,0,271,,1,263,,1,284,,0,267,,1,258
1,258,,0,281,,1,263,,1,271,,1,263,,1,272,,1,264,,1,285,,1,268,,1,259
1,259,,1,282,,0,263,,1,272,,0,263,,1,273,,1,265,,1,286,,0,268,,1,260
1,260,,1,283,,1,264,,0,272,,1,264,,0,273,,0,265,,0,286,,1,269,,1,261
0,260,,1,284,,1,265,,1,273,,0,264,,1,274,,0,265,,0,286,,1,270,,0,261
1,261,,1,285,,1,266,,1,274,,0,264,,0,274,,0,265,,0,286,,1,271,,0,261
1,262,,0,285,,1,267,,1,275,,0,264,,1,275,,1,266,,0,286,,1,272,,1,262
1,263,,0,285,,1,268,,0,275,,1,265,,1,276,,1,267,,1,287,,1,273,,1,263
1,264,,0,285,,1,269,,1,276,,0,265,,1,277,,1,268,,1,288,,1,274,,0,263
0,264,,0,285,,0,269,,0,276,,1,266,,1,278,,1,269,,1,289,,1,275,,1,264
1,265,,0,285,,1,270,,1,277,,0,266,,1,279,,1,270,,1,290,,1,276,,1,265
1,266,,1,286,,1,271,,0,277,,0,266,,1,280,,1,271,,1,291,,1,277,,1,266
1,267,,0,286,,1,272,,0,277,,1,267,,1,281,,1,272,,1,292,,0,277,,1,267
1,268,,1,287,,1,273,,1,278,,1,268,,1,282,,1,273,,0,292,,1,278,,1,268
1,269,,0,287,,1,274,,1,279,,0,268,,0,282,,1,274,,1,293,,0,278,,1,269
0,269,,1,288,,1,275,,1,280,,1,269,,1,283,,0,274,,1,294,,1,279,,1,270
1,270,,1,289,,1,276,,1,281,,1,270,,1,284,,0,274,,0,294,,1,280,,0,270
1,271,,1,290,,1,277,,0,281,,1,271,,0,284,,1,275,,1,295,,0,280,,0,270
1,272,,1,291,,1,278,,1,282,,1,272,,1,285,,1,276,,1,296,,1,281,,1,271
1,273,,1,292,,1,279,,0,282,,1,273,,1,286,,1,277,,1,297,,0,281,,1,272
0,273,,1,293,,1,280,,1,283,,1,274,,0,286,,1,278,,1,298,,1,282,,1,273
1,274,,1,294,,1,281,,1,284,,1,275,,0,286,,1,279,,1,299,,1,283,,1,274
1,275,,1,295,,1,282,,0,284,,1,276,,0,286,,0,279,,1,300,,0,283,,0,274
0,275,,1,296,,1,283,,1,285,,1,277,,0,286,,1,280,,1,301,,1,284,,0,274
1,276,,0,296,,0,283,,0,285,,1,278,,1,287,,0,280,,1,302,,0,284,,1,275
1,277,,1,297,,1,284,,1,286,,0,278,,0,287,,0,280,,0,302,,1,285,,1,276
1,278,,1,298,,1,285,,1,287,,0,278,,1,288,,0,280,,1,303,,1,286,,1,277
0,278,,1,299,,1,286,,1,288,,0,278,,0,288,,1,281,,1,304,,1,287,,1,278
0,278,,1,300,,1,287,,0,288,,1,279,,0,288,,0,281,,1,305,,1,288,,1,279
0,278,,0,300,,0,287,,1,289,,1,280,,1,289,,1,282,,1,306,,1,289,,1,280
1,279,,1,301,,1,288,,1,290,,1,281,,1,290,,0,282,,0,306,,1,290,,1,281
1,280,,1,302,,0,288,,1,291,,1,282,,0,290,,1,283,,0,306,,1,291,,1,282
0,280,,0,302,,1,289,,1,292,,1,283,,1,291,,1,284,,0,306,,1,292,,1,283
1,281,,1,303,,1,290,,1,293,,1,284,,1,292,,1,285,,1,307,,1,293,,1,284
0,281,,0,303,,1,291,,1,294,,1,285,,1,293,,1,286,,1,308,,1,294,,1,285
1,282,,1,304,,1,292,,1,295,,1,286,,1,294,,0,286,,1,309,,1,295,,0,285
1,283,,1,305,,1,293,,1,296,,1,287,,1,295,,1,287,,0,309,,0,295,,1,286
1,284,,0,305,,1,294,,1,297,,1,288,,1,296,,1,288,,1,310,,0,295,,1,287
1,285,,0,305,,0,294,,1,298,,1,289,,1,297,,1,289,,1,311,,1,296,,1,288
1,286,,0,305,,1,295,,1,299,,1,290,,1,298,,0,289,,1,312,,1,297,,1,289
1,287,,1,306,,1,296,,1,300,,1,291,,0,298,,1,290,,1,313,,1,298,,1,290
1,288,,1,307,,1,297,,1,301,,1,292,,1,299,,1,291,,1,314,,0,298,,1,291
1,289,,1,308,,1,298,,1,302,,1,293,,0,299,,1,292,,1,315,,1,299,,1,292
0,289,,1,309,,1,299,,1,303,,0,293,,0,299,,1,293,,1,316,,1,300,,0,292
1,290,,1,310,,1,300,,1,304,,1,294,,0,299,,1,294,,1,317,,0,300,,0,292
1,291,,1,311,,1,301,,1,305,,1,295,,0,299,,1,295,,1,318,,1,301,,1,293
1,292,,1,312,,1,302,,1,306,,0,295,,1,300,,1,296,,1,319,,1,302,,1,294
1,293,,0,312,,1,303,,1,307,,1,296,,1,301,,1,297,,0,319,,1,303,,1,295
1,294,,0,312,,1,304,,1,308,,1,297,,1,302,,1,298,,1,320,,1,304,,1,296
1,295,,1,313,,1,305,,1,309,,0,297,,1,303,,1,299,,1,321,,1,305,,1,297
1,296,,1,314,,1,306,,1,310,,1,298,,1,304,,1,300,,0,321,,1,306,,1,298
0,296,,1,315,,1,307,,1,311,,1,299,,1,305,,0,300,,0,321,,1,307,,1,299
1,297,,1,316,,1,308,,1,312,,0,299,,1,306,,1,301,,1,322,,1,308,,0,299
1,298,,1,317,,0,308,,1,313,,1,300,,1,307,,1,302,,1,323,,0,308,,1,300
1,299,,1,318,,1,309,,1,314,,0,300,,1,308,,1,303,,1,324,,1,309,,1,301
1,300,,1,319,,1,310,,1,315,,1,301,,1,309,,1,304,,1,325,,1,310,,1,302
1,301,,1,320,,1,311,,0,315,,1,302,,1,310,,1,305,,0,325,,1,311,,1,303
1,302,,0,320,,1,312,,1,316,,1,303,,0,310,,1,306,,1,326,,1,312,,0,303
0,302,,1,321,,1,313,,1,317,,1,304,,0,310,,1,307,,1,327,,0,312,,0,303
1,303,,1,322,,1,314,,1,318,,0,304,,1,311,,0,307,,1,328,,1,313,,0,303
1,304,,1,323,,1,315,,1,319,,0,304,,1,312,,0,307,,1,329,,1,314,,1,304
1,305,,1,324,,1,316,,0,319,,1,305,,1,313,,1,308,,1,330,,1,315,,1,305
0,305,,1,325,,1,317,,1,320,,1,306,,1,314,,1,309,,1,331,,1,316,,1,306
1,306,,0,325,,1,318,,1,321,,1,307,,1,315,,0,309,,1,332,,1,317,,1,307
1,307,,1,326,,1,319,,1,322,,0,307,,0,315,,1,310,,1,333,,0,317,,1,308
1,308,,1,327,,1,320,,0,322,,1,308,,1,316,,1,311,,1,334,,1,318,,0,308
1,309,,1,328,,1,321,,1,323,,1,309,,1,317,,1,312,,0,334,,1,319,,0,308
1,310,,1,329,,1,322,,1,324,,0,309,,1,318,,1,313,,0,334,,0,319,,1,309
1,311,,0,329,,0,322,,0,324,,1,310,,1,319,,1,314,,1,335,,1,320,,1,310
1,312,,1,330,,1,323,,1,325,,1,311,,1,320,,1,315,,1,336,,1,321,,0,310
1,313,,0,330,,1,324,,1,326,,1,312,,1,321,,1,316,,0,336,,1,322,,1,311
1,314,,1,331,,1,325,,1,327,,1,313,,0,321,,0,316,,1,337,,1,323,,1,312
1,315,,0,331,,1,326,,0,327,,1,314,,0,321,,0,316,,1,338,,1,324,,0,312
1,316,,1,332,,1,327,,1,328,,0,314,,1,322,,1,317,,0,338,,0,324,,1,313
1,317,,1,333,,1,328,,1,329,,1,315,,1,323,,1,318,,1,339,,1,325,,1,314
0,317,,0,333,,1,329,,1,330,,1,316,,1,324,,1,319,,0,339,,1,326,,1,315
1,318,,1,334,,1,330,,1,331,,1,317,,1,325,,1,320,,1,340,,1,327,,1,316
1,319,,1,335,,0,330,,1,332,,1,318,,1,326,,0,320,,1,341,,1,328,,1,317
1,320,,1,336,,1,331,,1,333,,1,319,,1,327,,0,320,,1,342,,1,329,,1,318
0,320,,0,336,,0,331,,0,333,,1,320,,1,328,,0,320,,1,343,,0,329,,0,318
1,321,,1,337,,1,332,,1,334,,0,320,,1,329,,1,321,,1,344,,1,330,,1,319
0,321,,0,337,,1,333,,1,335,,1,321,,1,330,,1,322,,1,345,,1,331,,1,320
1,322,,1,338,,1,334,,1,336,,1,322,,1,331,,1,323,,1,346,,1,332,,1,321
1,323,,1,339,,1,335,,1,337,,1,323,,0,331,,0,323,,1,347,,1,333,,1,322
0,323,,1,340,,1,336,,1,338,,1,324,,0,331,,1,324,,1,348,,0,333,,1,323
1,324,,0,340,,1,337,,1,339,,1,325,,1,332,,1,325,,1,349,,1,334,,1,324
1,325,,1,341,,1,338,,0,339,,1,326,,0,332,,1,326,,1,350,,1,335,,0,324
1,326,,1,342,,1,339,,0,339,,1,327,,0,332,,1,327,,0,350,,0,335,,1,325
1,327,,0,342,,1,340,,1,340,,1,328,,1,333,,1,328,,1,351,,1,336,,1,326
1,328,,1,343,,1,341,,1,341,,1,329,,1,334,,1,329,,1,352,,1,337,,1,327
1,329,,0,343,,0,341,,1,342,,1,330,,0,334,,1,330,,1,353,,1,338,,1,328
1,330,,1,344,,1,342,,0,342,,1,331,,0,334,,1,331,,1,354,,0,338,,0,328
0,330,,1,345,,1,343,,1,343,,1,332,,1,335,,1,332,,0,354,,1,339,,0,328
1,331,,0,345,,1,344,,1,344,,1,333,,1,336,,1,333,,1,355,,1,340,,1,329
1,332,,1,346,,1,345,,1,345,,1,334,,1,337,,1,334,,1,356,,1,341,,1,330
1,333,,1,347,,0,345,,1,346,,1,335,,1,338,,1,335,,1,357,,0,341,,1,331
1,334,,1,348,,1,346,,1,347,,1,336,,1,339,,1,336,,1,358,,1,342,,1,332
1,335,,1,349,,1,347,,0,347,,1,337,,1,340,,1,337,,0,358,,1,343,,1,333
1,336,,0,349,,1,348,,1,348,,1,338,,1,341,,1,338,,1,359,,0,343,,0,333
1,337,,1,350,,1,349,,1,349,,1,339,,1,342,,1,339,,1,360,,1,344,,1,334
1,338,,0,350,,0,349,,1,350,,1,340,,1,343,,1,340,,1,361,,1,345,,1,335
0,338,,1,351,,1,350,,1,351,,0,340,,1,344,,1,341,,1,362,,1,346,,1,336
1,339,,1,352,,0,350,,1,352,,1,341,,1,345,,1,342,,0,362,,1,347,,1,337
1,340,,1,353,,1,351,,1,353,,1,342,,1,346,,1,343,,0,362,,1,348,,1,338
1,341,,1,354,,1,352,,1,354,,1,343,,0,346,,0,343,,0,362,,1,349,,1,339
0,341,,1,355,,1,353,,1,355,,1,344,,1,347,,1,344,,0,362,,1,350,,0,339
1,342,,1,356,,1,354,,1,356,,1,345,,1,348,,1,345,,1,363,,0,350,,1,340
1,343,,1,357,,1,355,,1,357,,1,346,,0,348,,1,346,,1,364,,1,351,,1,341
1,344,,0,357,,0,355,,1,358,,1,347,,1,349,,1,347,,1,365,,1,352,,1,342
1,345,,1,358,,1,356,,1,359,,1,348,,1,350,,1,348,,0,365,,1,353,,1,343
1,346,,1,359,,1,357,,1,360,,1,349,,1,351,,1,349,,1,366,,1,354,,0,343
0,346,,1,360,,1,358,,1,361,,1,350,,1,352,,1,350,,1,367,,1,355,,1,344
1,347,,1,361,,1,359,,1,362,,1,351,,1,353,,1,351,,1,368,,1,356,,1,345
1,348,,1,362,,1,360,,1,363,,1,352,,1,354,,1,352,,1,369,,1,357,,1,346
1,349,,1,363,,1,361,,1,364,,1,353,,1,355,,1,353,,0,369,,1,358,,1,347
1,350,,1,364,,1,362,,0,364,,1,354,,1,356,,1,354,,1,370,,1,359,,1,348
1,351,,1,365,,1,363,,1,365,,1,355,,1,357,,1,355,,1,371,,0,359,,1,349
1,352,,1,366,,1,364,,1,366,,0,355,,1,358,,1,356,,1,372,,0,359,,1,350
0,352,,1,367,,1,365,,1,367,,0,355,,0,358,,1,357,,0,372,,0,359,,1,351
1,353,,0,367,,1,366,,1,368,,1,356,,1,359,,1,358,,1,373,,1,360,,1,352
1,354,,0,367,,1,367,,0,368,,1,357,,0,359,,0,358,,1,374,,1,361,,1,353
1,355,,0,367,,1,368,,1,369,,1,358,,1,360,,0,358,,1,375,,0,361,,1,354
1,356,,1,368,,1,369,,1,370,,1,359,,1,361,,1,359,,1,376,,1,362,,0,354
1,357,,1,369,,1,370,,1,371,,1,360,,0,361,,1,360,,0,376,,1,363,,1,355
0,357,,1,370,,1,371,,1,372,,1,361,,1,362,,1,361,,1,377,,0,363,,1,356
1,358,,1,371,,1,372,,0,372,,1,362,,1,363,,1,362,,0,377,,1,364,,1,357
1,359,,1,372,,1,373,,1,373,,1,363,,1,364,,0,362,,0,377,,1,365,,1,358
1,360,,1,373,,0,373,,1,374,,1,364,,1,365,,0,362,,1,378,,1,366,,1,359
1,361,,1,374,,1,374,,1,375,,0,364,,1,366,,1,363,,1,379,,1,367,,1,360
0,361,,1,375,,1,375,,1,376,,1,365,,1,367,,1,364,,1,380,,1,368,,1,361
1,362,,1,376,,0,375,,1,377,,1,366,,0,367,,1,365,,1,381,,1,369,,1,362
1,363,,1,377,,1,376,,1,378,,1,367,,1,368,,1,366,,1,382,,1,370,,1,363
1,364,,1,378,,1,377,,1,379,,1,368,,1,369,,1,367,,0,382,,0,370,,1,364
1,365,,1,379,,1,378,,1,380,,0,368,,1,370,,0,367,,1,383,,1,371,,0,364
1,366,,1,380,,1,379,,1,381,,1,369,,1,371,,1,368,,1,384,,1,372,,1,365
1,367,,1,381,,1,380,,1,382,,1,370,,1,372,,1,369,,0,384,,0,372,,0,365
1,368,,0,381,,1,381,,1,383,,1,371,,1,373,,1,370,,1,385,,0,372,,1,366
1,369,,1,382,,0,381,,1,384,,1,372,,0,373,,1,371,,1,386,,1,373,,1,367
1,370,,1,383,,1,382,,1,385,,0,372,,1,374,,1,372,,0,386,,1,374,,1,368
0,370,,1,384,,1,383,,1,386,,1,373,,1,375,,1,373,,1,387,,1,375,,1,369
1,371,,1,385,,0,383,,1,387,,1,374,,1,376,,1,374,,1,388,,1,376,,1,370
0,371,,1,386,,1,384,,0,387,,1,375,,1,377,,1,375,,1,389,,1,377,,1,371
1,372,,1,387,,1,385,,1,388,,1,376,,1,378,,1,376,,1,390,,1,378,,1,372
0,372,,1,388,,1,386,,1,389,,1,377,,1,379,,1,377,,1,391,,1,379,,1,373
1,373,,1,389,,1,387,,1,390,,1,378,,1,380,,1,378,,0,391,,1,380,,1,374
1,374,,1,390,,1,388,,1,391,,1,379,,1,381,,1,379,,1,392,,1,381,,1,375
1,375,,1,391,,1,389,,1,392,,1,380,,1,382,,1,380,,1,393,,1,382,,1,376
0,375,,1,392,,1,390,,1,393,,1,381,,0,382,,1,381,,1,394,,1,383,,0,376
1,376,,1,393,,1,391,,1,394,,0,381,,1,383,,1,382,,1,395,,1,384,,1,377
1,377,,0,393,,1,392,,0,394,,1,382,,1,384,,1,383,,1,396,,1,385,,1,378
1,378,,1,394,,1,393,,1,395,,1,383,,1,385,,1,384,,1,397,,1,386,,1,379
0,378,,1,395,,0,393,,1,396,,1,384,,1,386,,1,385,,1,398,,1,387,,1,380
1,379,,0,395,,1,394,,1,397,,0,384,,0,386,,1,386,,1,399,,1,388,,1,381
1,380,,1,396,,0,394,,1,398,,1,385,,1,387,,0,386,,1,400,,1,389,,1,382
1,381,,0,396,,1,395,,1,399,,1,386,,1,388,,1,387,,1,401,,1,390,,1,383
1,382,,0,396,,1,396,,1,400,,1,387,,1,389,,0,387,,1,402,,1,391,,1,384
1,383,,0,396,,1,397,,1,401,,1,388,,0,389,,1,388,,1,403,,1,392,,1,385
1,384,,1,397,,1,398,,1,402,,0,388,,1,390,,1,389,,1,404,,1,393,,1,386
1,385,,1,398,,1,399,,1,403,,1,389,,1,391,,1,390,,1,405,,1,394,,1,387
1,386,,1,399,,1,400,,1,404,,1,390,,1,392,,1,391,,1,406,,1,395,,1,388
0,386,,0,399,,1,401,,1,405,,1,391,,1,393,,1,392,,1,407,,1,396,,1,389
1,387,,1,400,,1,402,,1,406,,1,392,,1,394,,1,393,,1,408,,1,397,,1,390
1,388,,1,401,,1,403,,1,407,,1,393,,1,395,,1,394,,1,409,,0,397,,1,391
1,389,,1,402,,1,404,,0,407,,1,394,,1,396,,1,395,,1,410,,1,398,,0,391
1,390,,1,403,,1,405,,1,408,,0,394,,0,396,,1,396,,1,411,,1,399,,1,392
1,391,,0,403,,1,406,,1,409,,1,395,,1,397,,1,397,,1,412,,1,400,,1,393
1,392,,1,404,,1,407,,1,410,,0,395,,1,398,,1,398,,0,412,,1,401,,1,394
1,393,,1,405,,1,408,,1,411,,1,396,,1,399,,1,399,,1,413,,1,402,,1,395
1,394,,1,406,,1,409,,1,412,,1,397,,1,400,,1,400,,1,414,,1,403,,1,396
1,395,,1,407,,1,410,,1,413,,1,398,,1,401,,1,401,,1,415,,1,404,,1,397
1,396,,1,408,,1,411,,1,414,,1,399,,1,402,,1,402,,1,416,,1,405,,1,398
1,397,,1,409,,1,412,,1,415,,1,400,,1,403,,1,403,,1,417,,1,406,,1,399
1,398,,0,409,,1,413,,1,416,,1,401,,1,404,,1,404,,1,418,,1,407,,1,400
1,399,,1,410,,1,414,,1,417,,1,402,,1,405,,1,405,,0,418,,1,408,,1,401
1,400,,1,411,,1,415,,1,418,,1,403,,1,406,,1,406,,1,419,,1,409,,1,402
1,401,,1,412,,1,416,,0,418,,1,404,,1,407,,1,407,,0,419,,0,409,,1,403
1,402,,1,413,,1,417,,1,419,,1,405,,1,408,,1,408,,1,420,,1,410,,1,404
1,403,,1,414,,1,418,,1,420,,1,406,,1,409,,1,409,,1,421,,1,411,,1,405
1,404,,1,415,,0,418,,0,420,,1,407,,1,410,,1,410,,1,422,,1,412,,1,406
1,405,,1,416,,1,419,,1,421,,1,408,,1,411,,0,410,,1,423,,1,413,,1,407
0,405,,0,416,,1,420,,1,422,,1,409,,1,412,,1,411,,1,424,,1,414,,1,408
1,406,,1,417,,1,421,,1,423,,1,410,,1,413,,1,412,,1,425,,0,414,,0,408
1,407,,1,418,,1,422,,1,424,,1,411,,1,414,,0,412,,1,426,,0,414,,1,409
1,408,,1,419,,1,423,,1,425,,1,412,,1,415,,1,413,,1,427,,1,415,,1,410
1,409,,1,420,,1,424,,1,426,,1,413,,1,416,,1,414,,1,428,,1,416,,1,411
0,409,,1,421,,0,424,,1,427,,1,414,,1,417,,1,415,,1,429,,1,417,,1,412
1,410,,1,422,,1,425,,0,427,,0,414,,1,418,,1,416,,1,430,,1,418,,1,413
1,411,,1,423,,1,426,,1,428,,1,415,,1,419,,1,417,,1,431,,1,419,,1,414
1,412,,1,424,,1,427,,1,429,,1,416,,1,420,,1,418,,1,432,,1,420,,1,415
1,413,,1,425,,1,428,,1,430,,1,417,,1,421,,1,419,,1,433,,0,420,,1,416
1,414,,1,426,,1,429,,1,431,,1,418,,1,422,,1,420,,1,434,,1,421,,1,417
1,415,,1,427,,1,430,,1,432,,1,419,,1,423,,1,421,,1,435,,1,422,,1,418
1,416,,1,428,,1,431,,1,433,,1,420,,1,424,,1,422,,0,435,,1,423,,1,419
1,417,,1,429,,1,432,,1,434,,1,421,,1,425,,0,422,,1,436,,1,424,,1,420
1,418,,1,430,,1,433,,0,434,,1,422,,1,426,,1,423,,1,437,,1,425,,0,420
1,419,,1,431,,1,434,,1,435,,1,423,,1,427,,0,423,,1,438,,1,426,,1,421
1,420,,1,432,,1,435,,1,436,,1,424,,1,428,,1,424,,1,439,,1,427,,1,422
1,421,,1,433,,0,435,,1,437,,1,425,,1,429,,1,425,,1,440,,1,428,,1,423
0,421,,1,434,,1,436,,1,438,,1,426,,1,430,,1,426,,1,441,,1,429,,1,424
1,422,,1,435,,1,437,,1,439,,1,427,,1,431,,1,427,,1,442,,1,430,,1,425
1,423,,1,436,,1,438,,1,440,,1,428,,1,432,,1,428,,1,443,,1,431,,1,426
1,424,,1,437,,1,439,,1,441,,1,429,,1,433,,1,429,,1,444,,1,432,,0,426
1,425,,1,438,,1,440,,1,442,,1,430,,1,434,,1,430,,1,445,,1,433,,1,427
1,426,,1,439,,1,441,,1,443,,1,431,,1,435,,1,431,,1,446,,1,434,,0,427
1,427,,1,440,,1,442,,1,444,,1,432,,1,436,,1,432,,1,447,,1,435,,1,428
1,428,,1,441,,1,443,,1,445,,1,433,,1,437,,1,433,,1,448,,1,436,,1,429
0,428,,1,442,,1,444,,1,446,,1,434,,1,438,,1,434,,1,449,,0,436,,1,430
1,429,,1,443,,1,445,,0,446,,1,435,,1,439,,1,435,,1,450,,1,437,,1,431
1,430,,1,444,,1,446,,1,447,,1,436,,1,440,,1,436,,1,451,,1,438,,1,432
1,431,,1,445,,1,447,,1,448,,1,437,,1,441,,1,437,,1,452,,1,439,,1,433
1,432,,1,446,,1,448,,1,449,,1,438,,1,442,,1,438,,1,453,,1,440,,1,434
1,433,,1,447,,1,449,,1,450,,1,439,,1,443,,1,439,,1,454,,1,441,,1,435
1,434,,1,448,,1,450,,1,451,,1,440,,1,444,,1,440,,1,455,,1,442,,0,435
1,435,,1,449,,1,451,,1,452,,0,440,,1,445,,1,441,,1,456,,1,443,,1,436
1,436,,1,450,,1,452,,1,453,,1,441,,1,446,,0,441,,1,457,,1,444,,1,437
1,437,,1,451,,1,453,,1,454,,1,442,,1,447,,1,442,,1,458,,1,445,,1,438
1,438,,1,452,,1,454,,1,455,,1,443,,1,448,,1,443,,1,459,,1,446,,1,439
1,439,,1,453,,1,455,,1,456,,1,444,,1,449,,0,443,,1,460,,1,447,,1,440
1,440,,0,453,,1,456,,1,457,,1,445,,1,450,,1,444,,1,461,,1,448,,1,441
1,441,,1,454,,1,457,,0,457,,1,446,,0,450,,0,444,,1,462,,1,449,,1,442
1,442,,1,455,,1,458,,1,458,,1,447,,1,451,,0,444,,1,463,,1,450,,1,443
1,443,,1,456,,1,459,,1,459,,1,448,,1,452,,1,445,,1,464,,1,451,,1,444
1,444,,1,457,,1,460,,1,460,,1,449,,1,453,,1,446,,1,465,,1,452,,1,445
1,445,,1,458,,1,461,,1,461,,1,450,,1,454,,1,447,,1,466,,1,453,,1,446
1,446,,1,459,,1,462,,1,462,,1,451,,1,455,,1,448,,1,467,,1,454,,1,447
1,447,,1,460,,1,463,,1,463,,1,452,,1,456,,1,449,,1,468,,1,455,,1,448
1,448,,1,461,,1,464,,1,464,,1,453,,1,457,,1,450,,1,469,,1,456,,1,449
1,449,,1,462,,0,464,,1,465,,1,454,,1,458,,1,451,,1,470,,1,457,,1,450
1,450,,1,463,,1,465,,1,466,,1,455,,1,459,,1,452,,0,470,,1,458,,1,451
1,451,,1,464,,1,466,,1,467,,1,456,,1,460,,1,453,,1,471,,1,459,,1,452
1,452,,1,465,,1,467,,1,468,,1,457,,1,461,,1,454,,1,472,,1,460,,1,453
1,453,,1,466,,1,468,,1,469,,1,458,,1,462,,1,455,,1,473,,1,461,,1,454
1,454,,1,467,,1,469,,1,470,,1,459,,1,463,,1,456,,1,474,,1,462,,1,455
1,455,,1,468,,1,470,,1,471,,1,460,,1,464,,1,457,,1,475,,1,463,,1,456
1,456,,1,469,,1,471,,1,472,,1,461,,1,465,,1,458,,1,476,,1,464,,1,457
1,457,,1,470,,1,472,,1,473,,0,461,,1,466,,1,459,,1,477,,1,465,,1,458
0,457,,1,471,,1,473,,1,474,,0,461,,1,467,,1,460,,1,478,,1,466,,1,459
1,458,,0,471,,1,474,,1,475,,1,462,,1,468,,1,461,,1,479,,1,467,,1,460
1,459,,1,472,,1,475,,0,475,,1,463,,1,469,,1,462,,1,480,,1,468,,1,461
1,460,,1,473,,0,475,,1,476,,1,464,,1,470,,1,463,,1,481,,1,469,,1,462
1,461,,0,473,,1,476,,1,477,,1,465,,1,471,,1,464,,1,482,,1,470,,1,463
1,462,,1,474,,1,477,,1,478,,1,466,,1,472,,1,465,,1,483,,1,471,,1,464
1,463,,1,475,,1,478,,1,479,,1,467,,1,473,,1,466,,1,484,,1,472,,1,465
1,464,,1,476,,1,479,,1,480,,1,468,,1,474,,1,467,,1,485,,1,473,,1,466
1,465,,1,477,,1,480,,1,481,,1,469,,0,474,,1,468,,1,486,,1,474,,1,467
1,466,,1,478,,1,481,,1,482,,1,470,,1,475,,1,469,,1,487,,1,475,,1,468
0,466,,1,479,,1,482,,1,483,,1,471,,1,476,,1,470,,1,488,,1,476,,1,469
1,467,,1,480,,1,483,,1,484,,1,472,,1,477,,1,471,,1,489,,1,477,,1,470
1,468,,1,481,,1,484,,1,485,,0,472,,1,478,,1,472,,1,490,,1,478,,1,471
1,469,,1,482,,1,485,,1,486,,1,473,,1,479,,1,473,,1,491,,1,479,,1,472
1,470,,1,483,,1,486,,1,487,,1,474,,1,480,,1,474,,1,492,,1,480,,1,473
1,471,,1,484,,1,487,,1,488,,1,475,,1,481,,1,475,,1,493,,1,481,,1,474
1,472,,1,485,,1,488,,1,489,,1,476,,1,482,,1,476,,1,494,,1,482,,1,475
1,473,,1,486,,1,489,,1,490,,1,477,,1,483,,1,477,,1,495,,1,483,,1,476
1,474,,1,487,,1,490,,1,491,,1,478,,1,484,,1,478,,1,496,,1,484,,1,477
1,475,,1,488,,1,491,,0,491,,1,479,,1,485,,1,479,,1,497,,1,485,,1,478
0,475,,1,489,,1,492,,1,492,,1,480,,1,486,,1,480,,1,498,,1,486,,1,479
1,476,,1,490,,1,493,,1,493,,1,481,,1,487,,1,481,,1,499,,1,487,,1,480
1,477,,1,491,,1,494,,1,494,,1,482,,1,488,,1,482,,1,500,,1,488,,1,481
1,478,,1,492,,1,495,,1,495,,1,483,,1,489,,0,482,,1,501,,1,489,,1,482
1,479,,1,493,,1,496,,1,496,,1,484,,1,490,,1,483,,1,502,,1,490,,1,483
1,480,,1,494,,1,497,,1,497,,1,485,,1,491,,1,484,,1,503,,1,491,,1,484
1,481,,1,495,,1,498,,1,498,,1,486,,1,492,,1,485,,1,504,,1,492,,1,485
1,482,,1,496,,1,499,,1,499,,1,487,,1,493,,1,486,,1,505,,1,493,,1,486
1,483,,1,497,,1,500,,1,500,,1,488,,1,494,,1,487,,1,506,,1,494,,1,487
1,484,,1,498,,1,501,,1,501,,1,489,,1,495,,1,488,,1,507,,1,495,,1,488
1,485,,1,499,,1,502,,1,502,,1,490,,1,496,,1,489,,1,508,,1,496,,1,489
1,486,,1,500,,1,503,,1,503,,1,491,,1,497,,1,490,,1,509,,1,497,,1,490
1,487,,1,501,,1,504,,1,504,,1,492,,1,498,,1,491,,1,510,,1,498,,1,491
1,488,,1,502,,1,505,,1,505,,1,493,,1,499,,1,492,,1,511,,1,499,,1,492
1,489,,1,503,,1,506,,1,506,,1,494,,1,500,,1,493,,1,512,,1,500,,1,493
1,490,,1,504,,1,507,,1,507,,1,495,,1,501,,1,494,,1,513,,1,501,,1,494
