,missed sales 0,missed sales 1,missed sales 2,missed sales 3,missed sales 4,missed sales 5,missed sales 6,missed sales 7,missed sales 8,missed sales 9
0,0,0,0,0,0,0,0,0,0,0
1,0,0,0,0,0,0,0,0,0,0
2,0,0,0,0,0,0,0,0,0,0
3,0,0,0,0,0,0,0,0,0,0
4,0,0,0,0,0,0,0,0,0,0
5,0,0,0,0,0,0,0,0,0,0
6,0,0,0,0,0,0,0,0,0,0
7,0,0,0,0,0,0,0,0,0,0
8,0,0,0,0,0,0,0,0,0,0
9,0,0,0,0,0,0,0,0,0,0
10,0,0,0,0,0,0,0,0,0,0
11,0,0,0,0,0,0,0,0,0,0
12,0,0,0,0,0,0,0,0,0,0
13,0,0,0,0,0,0,0,0,0,0
14,0,0,0,0,0,0,0,0,0,0
15,0,0,0,0,0,0,0,0,0,0
16,0,0,0,0,0,0,0,0,0,0
17,0,0,0,0,0,0,0,0,0,0
18,0,0,0,0,0,0,0,0,0,0
19,0,0,0,0,1,0,0,0,0,0
20,0,0,0,0,1,0,1,1,0,0
21,0,0,0,0,1,0,1,1,0,0
22,0,0,0,0,1,0,2,1,0,0
23,0,0,0,0,1,0,2,1,0,0
24,0,0,0,0,1,0,2,1,0,1
25,0,0,0,0,1,0,2,1,0,1
26,0,0,0,0,1,0,2,1,0,1
27,0,0,0,0,1,0,2,1,0,1
28,0,0,0,0,1,0,2,1,0,1
29,0,0,0,0,1,0,2,1,0,1
30,0,0,0,0,1,0,2,1,0,1
31,0,0,0,0,1,0,2,1,0,1
32,0,0,0,0,1,0,2,1,0,1
33,0,0,0,0,1,0,2,1,1,1
34,0,1,0,0,1,0,2,1,1,1
35,0,1,0,0,1,0,2,1,1,1
36,0,1,0,0,1,0,2,1,1,1
37,0,1,0,0,1,0,2,1,1,1
38,0,1,0,0,1,0,2,1,1,1
39,0,1,1,0,1,0,2,1,2,1
40,0,1,1,0,1,0,2,1,2,1
41,0,1,1,0,1,0,2,1,2,1
42,0,1,1,0,1,0,2,1,2,2
43,0,1,1,0,1,0,2,1,2,2
44,0,2,1,0,1,0,2,1,2,2
45,0,2,1,0,1,0,2,1,2,2
46,0,2,1,0,1,0,2,1,2,2
47,0,2,1,0,1,0,2,1,2,2
48,0,2,1,0,1,0,2,1,2,2
49,0,2,1,0,1,0,2,1,2,3
50,0,2,1,0,1,0,2,1,2,3
51,0,2,1,0,1,0,2,1,2,4
52,0,2,1,0,1,0,2,1,2,4
53,0,2,1,0,1,0,2,1,2,4
54,0,2,1,0,1,0,2,1,2,4
55,0,2,1,0,1,0,2,1,2,4
56,0,2,1,0,1,0,2,1,2,4
57,0,2,1,0,1,0,2,1,2,5
58,0,2,1,0,1,1,2,1,2,5
59,0,2,1,0,1,1,2,1,2,5
60,0,2,1,0,1,1,2,1,2,5
61,0,2,1,0,1,1,2,1,2,5
62,0,2,1,0,1,2,2,1,2,5
63,0,2,1,0,1,2,3,1,2,6
64,0,2,1,0,1,2,3,1,2,6
65,1,2,1,0,1,2,3,1,2,6
66,1,2,1,1,1,3,3,1,2,6
67,1,2,1,1,1,3,3,1,2,6
68,1,2,1,1,1,3,3,1,2,6
69,1,2,1,1,1,3,3,1,2,6
70,1,2,1,1,1,3,3,1,2,6
71,1,2,1,1,1,3,3,1,2,6
72,1,2,1,1,1,3,3,1,2,6
73,1,2,1,1,1,3,3,1,2,6
74,1,2,1,1,2,3,3,1,2,6
75,2,2,1,1,2,3,3,1,2,6
76,2,2,1,1,2,3,3,1,2,6
77,2,2,1,1,2,3,3,1,2,7
78,2,2,1,1,2,3,3,1,2,7
79,3,2,1,1,2,3,3,1,2,7
80,3,2,1,2,2,3,3,1,2,7
81,4,2,1,2,2,3,3,1,2,7
82,4,2,1,2,2,3,3,1,2,7
83,5,2,1,2,2,3,3,1,2,7
84,5,2,1,2,2,3,3,1,2,7
85,5,2,1,2,2,3,3,1,2,7
86,5,2,1,2,2,3,3,1,2,7
87,5,2,1,2,2,3,3,1,2,7
88,5,2,1,2,2,3,3,1,2,7
89,5,2,1,2,2,3,3,1,2,7
90,5,2,1,2,2,3,3,2,2,7
91,5,2,1,2,2,3,3,2,2,7
92,5,2,1,3,2,3,3,2,2,7
93,5,2,1,3,2,3,3,2,2,7
94,5,2,1,3,2,3,3,2,2,7
95,5,2,1,3,2,4,3,2,2,7
96,5,2,1,3,2,4,3,3,2,7
97,5,2,1,3,2,4,3,3,2,7
98,5,2,1,3,2,4,3,3,2,7
99,5,2,1,3,2,4,3,3,2,7
100,5,2,1,3,2,4,3,3,2,7
101,5,2,1,3,2,4,3,3,2,7
102,5,2,1,3,2,4,3,3,2,8
103,6,2,1,3,2,4,3,3,2,8
104,6,2,1,3,2,4,3,3,2,8
105,6,2,1,3,2,4,4,3,2,8
106,6,2,1,3,2,4,4,4,2,8
107,6,2,1,3,2,4,4,4,2,8
108,6,2,1,3,2,4,4,4,2,8
109,6,2,1,3,2,4,4,4,2,8
110,7,2,1,3,2,4,4,4,2,8
111,7,2,1,3,2,4,4,4,2,8
112,7,2,1,3,2,4,4,4,2,8
113,7,2,1,3,2,4,4,4,2,8
114,7,2,1,3,2,4,4,4,2,8
115,7,2,1,3,2,4,4,4,2,8
116,8,2,1,3,2,4,4,4,2,8
117,8,2,1,3,2,4,4,5,2,8
118,8,2,1,3,2,4,4,5,2,8
119,8,2,1,3,2,4,4,5,2,8
120,9,2,1,3,2,4,4,6,2,8
121,9,2,1,3,2,4,4,6,2,8
122,9,2,1,3,2,4,4,6,2,9
123,9,2,1,3,2,4,4,6,2,9
124,9,2,1,3,2,4,4,6,2,9
125,9,2,1,3,2,4,4,6,2,9
126,9,2,1,3,2,4,4,6,2,9
127,9,2,1,3,2,4,4,6,2,9
128,9,2,1,3,2,4,4,6,2,10
129,9,2,1,3,2,4,4,6,2,10
130,9,2,1,3,2,4,4,6,2,10
131,10,2,1,3,2,4,4,7,2,10
132,10,2,1,3,2,4,4,7,2,10
133,10,2,1,3,2,4,4,7,2,10
134,10,2,1,3,2,4,4,8,2,10
135,10,2,1,3,2,4,4,8,2,11
136,10,2,1,3,2,4,4,9,2,11
137,10,2,1,3,2,4,4,9,2,12
138,10,2,1,3,2,4,4,10,2,12
139,10,2,1,3,2,4,4,10,2,13
140,10,2,1,3,2,4,4,10,2,13
141,10,2,1,3,2,4,4,10,2,13
142,10,2,2,3,2,4,4,10,2,13
143,10,2,3,3,2,4,4,10,2,13
144,10,2,3,3,2,4,4,10,2,13
145,10,2,3,3,2,4,4,10,2,13
146,10,2,3,3,2,4,4,10,2,13
147,10,2,3,3,2,4,4,10,2,13
148,10,2,3,3,2,4,4,10,2,13
149,10,2,3,3,2,4,4,10,2,14
150,10,2,3,3,2,4,4,10,2,14
151,10,2,3,3,2,4,4,10,2,14
152,10,2,3,3,2,4,4,10,2,14
153,10,2,3,3,2,4,4,10,2,14
154,11,2,3,3,2,4,4,10,2,14
155,11,2,3,3,2,4,4,10,2,14
156,11,2,3,3,2,4,4,10,2,14
157,11,2,3,3,2,4,4,10,2,14
158,11,2,3,3,2,4,4,10,2,14
159,11,2,3,3,2,4,4,10,2,14
160,11,2,3,3,2,4,4,10,2,14
161,11,2,3,4,2,4,4,10,2,14
162,11,2,3,4,2,4,4,10,2,14
163,11,3,3,5,2,4,4,10,2,14
164,11,3,3,5,2,4,4,10,2,15
165,11,4,3,5,2,4,4,10,2,15
166,11,4,3,5,2,4,4,10,2,16
167,11,4,3,5,2,4,4,10,2,16
168,11,4,3,5,2,4,4,10,2,16
169,11,4,3,5,2,4,4,10,3,16
170,11,4,3,5,2,4,4,10,3,16
171,11,4,3,5,2,4,4,10,3,16
172,11,4,3,5,2,4,4,10,3,16
173,11,4,3,5,2,4,4,10,4,16
174,11,4,3,5,2,4,4,10,4,16
175,11,4,3,6,2,4,4,10,4,16
176,11,4,3,6,2,4,4,10,4,16
177,11,4,3,7,2,4,4,10,4,16
178,11,4,3,7,2,4,4,10,4,16
179,11,5,3,7,2,4,4,10,4,16
180,11,5,3,7,2,4,4,10,4,16
181,11,6,3,7,2,4,4,10,4,16
182,11,6,3,7,2,4,4,10,5,16
183,11,7,3,7,2,4,4,10,5,16
184,11,7,3,7,2,4,4,10,5,16
185,11,7,3,7,2,4,4,10,5,16
186,11,7,3,7,2,4,4,10,6,16
187,11,7,3,7,2,4,4,10,6,16
188,11,7,3,7,2,4,4,10,7,16
189,11,7,3,7,2,5,4,10,7,16
190,11,7,3,7,2,5,4,10,7,16
191,11,8,3,7,3,5,4,10,7,16
192,11,8,3,7,3,5,4,10,7,16
193,11,8,3,7,3,5,4,10,8,16
194,11,9,3,7,3,5,4,10,8,16
195,11,9,3,7,3,5,4,10,9,16
196,11,10,3,7,3,5,4,10,9,16
197,11,10,3,7,3,5,4,10,9,16
198,11,10,3,7,3,6,4,10,9,16
199,11,11,3,7,3,6,4,10,9,16
200,11,11,3,7,3,6,4,10,9,16
201,11,11,3,7,4,6,4,11,9,16
202,11,11,3,7,4,6,4,11,10,16
203,11,11,3,7,4,6,4,11,10,16
204,11,11,3,7,4,6,4,12,10,16
205,11,11,3,7,4,6,4,12,10,16
206,11,11,3,7,4,6,4,12,10,16
207,11,12,3,7,4,6,4,12,10,16
208,11,12,3,7,4,6,4,12,10,16
209,12,12,3,7,4,6,4,12,10,16
210,12,13,3,7,4,6,4,13,10,16
211,13,13,3,7,4,6,4,13,10,16
212,13,14,3,7,4,6,4,13,10,16
213,13,14,3,7,4,6,4,13,11,16
214,13,14,3,7,4,6,4,13,11,16
215,13,14,3,7,4,6,4,13,11,16
216,13,14,3,7,4,6,4,13,11,16
217,13,15,3,7,4,6,4,13,11,16
218,13,15,3,7,4,6,4,13,11,16
219,13,15,3,7,4,6,4,13,11,16
220,13,15,3,7,4,6,4,13,12,16
221,13,15,3,7,4,6,4,13,12,16
222,13,15,3,7,4,6,4,13,12,16
223,13,15,3,7,4,6,4,13,13,16
224,13,15,3,7,4,6,4,13,13,16
225,13,15,3,7,4,6,4,13,13,16
226,13,15,3,7,4,6,5,13,13,16
227,13,15,3,8,4,6,6,13,14,16
228,13,15,3,8,4,6,6,13,14,16
229,13,15,3,8,4,6,6,13,15,16
230,13,15,3,8,4,6,6,13,15,16
231,13,15,3,8,4,6,6,13,16,16
232,13,15,3,8,4,6,6,13,16,16
233,13,15,4,8,4,6,6,13,16,16
234,13,15,4,8,4,6,6,13,17,16
235,13,15,4,8,4,6,6,13,17,16
236,13,15,4,9,4,6,6,13,17,16
237,13,15,4,9,4,6,6,13,17,16
238,13,15,4,9,4,6,6,13,18,16
239,13,15,5,9,4,6,6,13,18,16
240,13,15,5,9,4,6,6,13,18,16
241,13,15,5,10,4,6,6,13,18,16
242,13,15,5,10,4,6,6,13,18,16
243,13,15,5,11,4,6,6,13,18,16
244,13,15,6,11,4,6,6,13,18,16
245,13,15,6,12,4,6,6,13,18,16
246,13,15,7,12,4,6,6,13,18,16
247,13,15,7,12,4,6,6,13,18,16
248,13,15,8,12,4,6,6,13,18,16
249,13,15,8,13,4,6,6,13,18,16
250,13,15,8,13,4,6,6,13,18,16
251,13,15,8,13,4,6,6,13,18,16
252,13,15,8,13,4,6,6,13,18,16
253,13,15,8,13,4,6,6,13,18,16
254,13,15,8,13,4,6,6,13,18,16
255,13,15,8,13,4,6,6,13,18,16
256,13,15,8,13,4,6,6,13,18,16
257,13,15,8,13,4,6,6,13,18,16
258,13,15,8,13,4,6,6,13,18,16
259,13,15,8,13,4,6,6,13,18,16
260,13,15,8,13,4,6,6,13,18,17
261,13,15,8,13,4,6,6,13,18,18
262,13,15,8,13,4,6,6,13,18,18
263,13,15,8,13,4,6,6,13,18,18
264,13,15,8,13,4,6,6,13,18,18
265,13,15,8,13,4,6,6,13,18,18
266,13,15,8,13,4,6,6,14,18,18
267,13,15,8,13,4,6,6,15,18,18
268,13,15,8,13,4,6,6,15,18,18
269,13,15,8,13,4,6,6,15,18,18
270,13,15,8,13,4,6,6,15,18,18
271,13,15,8,13,4,6,6,15,18,18
272,13,15,8,13,4,6,6,15,18,18
273,14,15,8,13,4,6,6,15,18,18
274,14,15,8,13,4,6,6,15,18,18
275,14,15,8,13,4,6,6,15,18,18
276,14,15,8,13,4,7,6,15,18,18
277,14,15,8,13,4,7,6,15,18,18
278,14,15,8,13,4,7,6,15,18,19
279,14,15,8,13,4,8,6,15,18,19
280,14,15,8,13,4,8,6,15,18,20
281,14,15,8,13,4,8,6,15,18,20
282,14,15,8,13,4,8,6,15,18,20
283,14,15,8,13,4,8,6,15,18,20
284,14,15,8,13,4,8,6,15,18,20
285,14,15,8,13,4,8,6,15,18,20
286,14,15,8,13,4,8,6,15,18,20
287,14,15,8,13,4,8,6,15,18,20
288,14,15,8,13,4,8,6,15,18,20
289,14,15,8,13,4,8,6,15,18,20
290,15,15,8,13,4,8,6,15,18,20
291,15,15,8,13,4,8,6,15,18,20
292,15,15,8,13,4,8,6,15,18,20
293,15,15,8,14,4,8,6,15,18,20
294,15,16,8,14,4,8,6,15,18,20
295,15,17,8,14,4,8,6,15,18,20
296,16,17,8,14,4,8,6,15,18,20
297,16,17,8,14,4,8,6,15,18,20
298,16,17,8,15,4,8,6,15,18,20
299,16,17,8,15,4,8,6,15,18,20
300,17,17,8,15,4,8,6,15,18,20
301,17,17,8,15,4,8,6,15,18,20
302,17,18,8,15,4,8,6,15,18,20
303,18,18,8,15,4,8,6,15,18,20
304,18,18,8,15,4,8,6,15,18,20
305,18,18,8,15,4,8,6,15,18,20
306,18,18,8,15,4,8,6,15,18,20
307,18,18,8,15,4,8,6,15,19,20
308,18,18,8,15,4,8,6,15,19,20
309,18,18,8,15,4,8,6,15,19,20
310,18,18,8,15,4,8,6,15,19,20
311,18,18,8,15,4,8,6,15,19,20
312,18,18,8,15,4,8,6,15,19,20
313,18,18,8,15,4,8,6,15,19,20
314,18,18,8,15,4,8,6,15,20,20
315,18,18,8,15,4,8,6,15,20,20
316,18,18,8,15,5,8,6,15,20,20
317,18,18,8,15,5,8,6,15,20,20
318,18,18,8,15,6,8,6,15,20,20
319,18,18,8,15,6,8,7,15,20,20
320,18,18,8,15,6,8,7,15,20,20
321,18,18,8,15,6,8,7,15,20,20
322,18,18,8,15,6,8,8,15,20,20
323,18,18,8,15,6,8,8,15,20,20
324,18,18,8,15,6,8,8,15,21,20
325,18,18,8,15,6,8,8,15,21,20
326,18,18,8,15,6,8,8,15,21,20
327,18,18,8,15,6,8,8,15,21,20
328,18,18,8,15,6,8,8,15,21,20
329,18,18,8,15,6,8,8,15,21,20
330,18,18,8,15,6,8,9,15,21,20
331,18,18,8,15,6,8,9,15,21,20
332,18,18,8,15,6,8,9,15,21,20
333,18,18,8,15,6,8,9,15,21,20
334,18,18,8,15,6,8,9,15,21,20
335,18,18,8,15,6,8,9,15,21,20
336,18,18,8,15,6,8,9,15,21,20
337,18,18,8,15,6,8,9,15,21,20
338,18,18,8,15,6,8,9,15,21,20
339,18,18,8,15,6,8,9,15,21,20
340,18,18,8,15,6,8,9,15,21,20
341,18,18,8,15,6,8,9,15,21,20
342,18,18,8,15,6,8,9,15,21,20
343,18,18,8,15,6,8,9,16,21,20
344,18,18,8,15,6,8,9,16,21,20
345,18,18,8,15,6,8,9,16,21,20
346,18,18,8,15,6,8,9,16,21,20
347,18,18,8,15,6,8,9,16,21,20
348,18,18,8,15,6,8,9,16,21,20
349,18,18,8,15,6,8,9,16,21,21
350,18,18,8,15,6,8,9,17,21,21
351,19,18,8,15,6,8,9,17,21,21
352,19,18,8,15,6,8,9,17,21,21
353,19,18,8,15,6,8,9,17,21,21
354,19,18,8,16,6,8,9,17,21,22
355,19,18,8,16,6,8,9,17,21,22
356,19,18,8,16,6,8,9,17,21,22
357,19,18,8,17,6,8,9,17,21,22
358,19,18,8,17,6,8,9,17,21,22
359,19,18,8,17,6,8,9,17,21,22
360,19,18,8,17,6,8,9,17,21,22
361,19,18,8,17,6,9,9,17,21,22
362,19,18,8,17,6,9,9,17,21,22
363,19,18,8,17,6,9,9,17,21,22
364,20,18,8,17,6,9,9,17,21,22
365,20,18,8,17,6,10,9,17,21,22
366,20,18,8,17,6,10,9,17,21,22
367,20,18,8,17,6,10,9,17,21,22
368,20,18,8,17,6,10,9,17,21,22
369,20,18,8,17,6,10,9,17,21,22
370,20,18,8,17,6,10,9,17,21,22
371,20,18,8,17,6,10,9,17,21,22
372,20,18,8,17,6,10,9,17,21,22
373,20,18,8,17,6,10,9,17,21,22
374,20,18,9,17,6,10,9,17,21,22
375,20,18,9,17,6,10,9,17,21,22
376,20,18,9,17,6,10,9,17,21,22
377,20,19,10,17,6,10,9,17,21,22
378,20,20,10,17,6,10,9,17,21,22
379,20,20,10,17,6,10,9,17,21,22
380,20,20,10,17,6,10,9,17,21,22
381,20,20,10,17,6,10,9,17,21,22
382,20,20,10,17,6,10,9,17,21,22
383,20,20,10,17,6,10,9,17,21,22
384,20,20,10,17,6,10,9,17,21,22
385,20,20,10,17,6,10,9,17,21,22
386,20,20,10,17,6,10,9,17,21,22
387,20,20,10,17,6,10,9,17,21,22
388,20,20,10,17,7,10,9,17,21,22
389,20,20,10,17,7,10,9,17,21,22
390,20,20,10,17,7,10,9,17,21,22
391,20,20,10,17,8,10,9,17,21,22
392,20,20,10,17,8,10,9,17,21,22
393,20,20,10,17,8,10,9,17,21,22
394,20,20,10,17,8,10,9,17,21,22
395,20,20,10,17,8,10,9,17,21,22
396,20,20,10,17,8,10,9,17,21,22
397,20,20,10,17,8,10,9,17,21,22
398,20,20,10,17,8,10,9,17,21,22
399,20,20,10,17,8,10,9,17,21,22
400,20,20,10,17,8,10,9,17,21,22
401,20,20,10,17,8,10,9,17,21,22
402,20,20,10,17,8,10,9,17,21,22
403,20,20,10,17,8,10,9,17,21,22
404,20,20,10,17,8,10,9,17,21,22
405,20,20,10,17,8,10,9,17,21,22
406,20,20,10,17,8,10,9,17,21,22
407,20,20,10,17,8,10,9,17,21,22
408,20,20,10,17,8,10,9,17,21,22
409,20,20,10,17,8,10,9,17,21,22
410,20,20,10,17,8,10,10,17,21,22
411,20,20,10,17,8,10,11,17,21,22
412,20,20,10,17,8,10,11,17,21,22
413,20,20,10,17,8,10,11,17,21,22
414,20,20,10,17,8,10,11,17,21,22
415,20,20,10,17,8,10,11,17,21,22
416,20,20,10,17,8,10,11,17,22,22
417,20,20,10,18,8,10,11,17,22,22
418,20,20,10,18,8,10,11,17,23,22
419,20,20,10,18,8,10,11,18,23,23
420,20,20,10,19,8,10,11,19,23,23
421,20,20,10,19,8,10,11,19,23,23
422,20,20,10,19,8,10,11,19,24,23
423,20,20,10,19,8,10,12,19,24,23
424,20,20,10,19,8,10,12,19,25,23
425,20,20,10,19,8,10,12,19,25,23
426,20,20,10,19,8,10,12,19,25,23
427,20,20,10,19,8,10,12,19,25,24
428,20,20,10,19,8,10,12,19,25,24
429,20,20,10,19,8,10,12,19,25,24
430,20,20,10,19,8,11,12,19,25,24
431,20,20,10,19,8,11,12,19,25,24
432,20,20,11,19,8,11,12,19,25,24
433,21,20,11,19,8,11,12,19,25,24
434,22,20,11,19,8,11,12,19,25,24
435,22,20,11,19,8,12,12,19,25,24
436,22,20,11,19,8,12,12,19,25,24
437,22,20,11,19,8,12,12,19,25,24
438,22,20,11,19,8,12,12,19,25,24
439,22,20,11,19,8,12,12,19,25,24
440,22,21,11,19,8,12,12,19,25,24
441,22,21,12,19,8,12,12,19,25,24
442,22,21,12,19,8,12,12,19,25,24
443,22,21,12,19,8,12,12,19,25,24
444,22,22,12,19,8,12,12,19,25,24
445,22,22,12,19,8,12,12,19,25,24
446,22,22,12,19,8,12,12,19,25,24
447,22,23,12,19,8,12,12,19,25,24
448,22,23,12,19,8,12,12,19,25,24
449,22,23,12,19,8,12,12,19,25,24
450,22,23,12,19,9,12,12,19,25,24
451,22,23,12,19,9,12,12,19,25,24
452,22,23,12,19,10,12,12,19,25,24
453,22,23,12,19,10,12,12,19,25,24
454,22,23,12,19,10,12,12,19,25,24
455,22,23,12,19,10,12,12,19,25,24
456,22,23,12,19,10,12,12,19,25,24
457,22,23,12,19,10,12,12,19,25,24
458,22,23,12,19,10,12,12,19,25,24
459,22,23,12,19,10,12,12,19,25,24
460,22,23,12,19,10,12,12,19,25,24
461,22,23,12,19,10,12,12,19,25,24
462,22,23,12,19,10,12,12,19,25,24
463,22,23,12,19,10,12,12,19,25,24
464,22,23,12,19,10,12,12,19,25,24
465,22,23,12,19,10,12,12,19,25,24
466,22,23,12,19,10,12,12,19,25,24
467,22,23,12,19,10,12,12,19,25,24
468,22,23,12,19,10,12,12,19,25,24
469,22,23,12,19,10,12,12,19,25,24
470,22,23,12,19,10,12,12,19,25,24
471,22,23,12,19,10,12,12,19,25,24
472,22,23,12,19,10,12,12,19,25,24
473,22,23,12,19,10,12,12,19,25,24
474,22,23,12,19,10,12,12,19,25,24
475,22,23,12,19,10,12,12,19,25,24
476,22,23,12,19,10,12,12,19,25,24
477,22,23,12,19,10,12,12,19,25,24
478,22,23,12,19,10,12,12,19,25,24
479,22,23,12,19,10,12,12,19,25,24
480,22,23,12,19,10,12,12,19,25,24
481,22,23,12,19,10,12,12,19,25,24
482,22,23,12,19,10,12,12,19,25,24
483,22,23,12,19,10,12,12,19,25,24
484,22,23,12,19,10,12,12,19,25,24
485,22,23,12,19,10,12,12,19,25,24
486,22,23,12,19,10,12,12,19,25,24
487,22,23,12,19,10,12,12,19,25,24
488,22,23,12,19,10,12,12,19,25,24
489,22,23,12,19,10,12,12,19,25,24
490,22,23,13,19,10,12,12,19,25,24
491,22,23,13,19,10,12,12,19,25,24
492,22,23,13,19,10,12,12,19,25,24
493,22,23,13,19,10,12,12,19,25,24
494,23,23,13,19,10,12,12,19,25,24
495,23,23,13,19,10,12,12,19,26,24
496,24,23,14,19,11,13,13,19,26,24
497,24,23,14,19,11,13,14,19,26,24
498,24,23,14,19,12,14,14,19,27,25
499,24,24,14,20,12,14,14,20,27,25
500,24,24,14,20,12,14,14,20,27,25
501,24,24,14,20,12,14,14,20,27,25
502,24,24,14,20,12,14,14,20,27,25
503,24,24,14,20,12,14,14,20,27,25
504,24,24,14,20,12,14,14,20,27,25
505,24,24,14,20,12,14,14,20,27,25
506,24,24,14,20,12,14,14,20,27,25
507,24,24,14,20,12,14,14,20,27,25
508,24,24,14,20,12,14,14,20,27,25
509,24,24,14,20,12,14,14,20,27,25
510,24,24,14,20,12,14,14,20,27,25
511,24,24,14,20,12,14,14,20,27,25
512,24,24,14,20,12,14,14,20,27,25
513,24,24,14,20,12,14,14,20,27,25
514,24,24,14,20,12,14,14,20,27,25
515,24,24,14,20,12,14,14,20,27,25
516,24,24,14,20,12,14,14,20,27,25
517,24,24,14,20,12,14,14,20,27,25
518,24,24,14,20,12,14,14,20,27,25
519,24,24,14,20,12,14,14,20,27,25
520,24,24,14,20,12,14,14,20,27,25
521,24,24,14,20,12,14,14,20,27,25
522,24,24,14,20,12,14,14,20,27,25
523,24,24,14,20,12,14,14,20,27,25
524,24,24,14,20,12,14,14,20,27,25
525,24,24,14,20,12,14,14,20,27,25
526,24,24,14,20,12,14,14,20,27,25
527,24,24,14,20,12,14,14,20,27,25
528,24,24,14,20,12,14,14,20,27,25
529,24,24,14,20,12,14,14,20,27,25
530,24,24,14,20,12,14,14,20,27,25
531,24,24,14,20,12,14,14,20,27,25
532,24,24,14,20,12,14,14,20,27,25
533,24,24,14,20,12,14,14,20,27,25
534,24,24,14,20,12,14,14,20,27,25
535,24,24,14,20,12,14,14,20,27,25
536,24,24,14,20,12,14,14,20,27,25
537,24,24,14,20,12,14,14,20,27,25
538,24,24,14,20,12,14,14,20,27,25
539,24,24,14,20,12,14,14,20,27,25
540,24,24,14,20,12,14,14,20,27,25
541,24,24,14,20,12,14,14,20,27,25
542,24,24,14,20,12,14,14,20,27,25
543,24,24,14,20,12,14,14,20,27,25
544,24,24,14,20,12,14,14,20,27,25
545,24,24,14,20,12,14,14,20,27,25
546,24,24,14,20,12,14,14,20,27,25
547,24,24,14,20,12,14,14,20,27,25
548,24,24,14,20,12,14,14,20,27,25
549,24,24,14,20,12,14,14,20,27,25
550,24,24,14,20,12,14,14,20,27,25
551,24,24,14,20,12,14,14,20,27,25
552,24,24,14,20,12,14,14,20,27,25
553,24,24,14,20,12,14,14,20,27,25
554,24,24,14,20,12,14,14,20,27,25
555,24,24,14,20,12,14,14,20,27,25
556,24,24,14,20,12,14,14,20,27,25
557,24,24,14,20,12,14,14,20,27,25
558,24,24,14,20,12,14,14,20,27,25
559,24,24,14,20,12,14,14,20,27,25
560,24,24,14,20,12,14,14,20,27,25
561,24,24,14,20,12,14,14,20,27,25
562,24,24,14,20,12,14,14,20,27,25
563,24,24,14,20,12,14,14,20,27,25
564,24,24,14,20,12,14,14,20,27,25
565,24,24,14,20,12,14,14,20,27,25
566,24,24,14,20,12,14,14,20,27,25
567,24,24,14,20,12,14,14,20,27,25
568,24,24,14,20,12,14,14,20,27,25
569,24,24,14,20,12,14,14,20,27,25
570,24,24,14,20,12,14,14,20,27,25
571,24,24,14,20,12,14,14,20,27,25
572,24,24,14,20,12,14,14,20,27,25
573,24,24,14,20,12,14,14,20,27,25
574,24,24,14,20,12,14,14,20,27,25
575,24,24,14,20,12,14,14,20,27,25
576,24,24,14,20,12,14,14,20,27,25
577,24,24,14,20,12,14,14,20,27,25
578,24,24,14,20,12,14,14,20,27,25
579,24,24,14,20,12,14,14,20,27,25
580,24,24,14,20,12,14,14,20,27,25
581,24,24,14,20,12,14,14,20,27,25
582,24,24,14,20,12,14,14,20,27,25
583,24,24,14,20,12,14,14,20,27,25
584,24,24,14,20,12,14,14,20,27,25
585,24,24,14,20,12,14,14,20,27,25
586,24,24,14,20,12,14,14,20,27,25
587,24,24,14,20,12,14,14,20,27,25
588,24,24,14,20,12,14,14,20,27,25
589,24,24,14,20,12,14,14,20,27,25
590,24,24,14,20,12,14,14,20,27,25
591,24,24,14,20,12,14,14,20,27,25
592,24,24,14,20,12,14,14,20,27,25
593,24,24,14,20,12,14,14,20,27,25
594,24,24,14,20,12,14,14,20,27,25
595,24,24,14,20,12,14,14,20,27,25
596,24,24,14,20,12,14,14,20,27,25
597,24,24,14,20,12,14,14,20,27,25
598,24,24,14,20,12,14,14,20,27,25
599,24,24,14,20,12,14,14,20,27,25
600,24,24,14,20,12,14,14,20,27,25
601,24,24,14,20,12,14,14,20,27,25
602,24,24,14,20,12,14,14,20,27,25
603,24,24,14,20,12,14,14,20,27,25
604,24,24,14,20,12,14,14,20,27,25
605,24,24,14,20,12,14,14,20,27,25
606,24,24,14,20,12,14,14,20,27,25
607,24,24,14,20,12,14,14,20,27,25
608,24,24,14,20,12,14,14,20,27,25
609,24,24,14,20,12,14,14,20,27,25
610,24,24,14,20,12,14,14,20,27,25
611,24,24,14,20,12,14,14,20,27,25
612,24,24,14,20,12,14,14,20,27,25
613,24,24,14,20,12,14,14,20,27,25
614,24,24,14,20,12,14,14,20,27,25
615,24,24,14,20,12,14,14,20,27,25
616,24,24,14,20,12,14,14,20,27,25
617,24,24,14,20,12,14,14,20,27,25
618,24,24,14,20,12,14,14,20,27,25
619,24,24,14,20,12,14,14,20,27,25
620,24,24,14,20,12,14,14,20,27,25
621,24,24,14,20,12,14,14,20,27,25
622,24,24,14,20,12,14,14,20,27,25
623,24,24,14,20,12,14,14,20,27,25
624,24,24,14,20,12,14,14,20,27,25
625,24,24,14,20,12,14,14,20,27,25
626,24,24,14,20,12,14,14,20,27,25
627,24,24,14,20,12,14,14,20,27,25
628,24,24,14,20,12,14,14,20,27,25
629,24,24,14,20,12,14,14,20,27,25
630,24,24,14,20,12,14,14,20,27,25
631,24,24,14,20,12,14,14,20,27,25
632,24,24,14,20,12,14,14,20,27,25
633,24,24,14,20,12,14,14,20,27,25
634,24,24,14,20,12,14,14,20,27,25
635,24,24,14,20,12,14,14,20,27,25
636,24,24,14,20,12,14,14,20,27,25
637,24,24,14,20,12,14,14,20,27,25
638,24,24,14,20,12,14,14,20,27,25
639,24,24,14,20,12,14,14,20,27,25
640,24,24,14,20,12,14,14,20,27,25
641,24,24,14,20,12,14,14,20,27,25
642,24,24,14,20,12,14,14,20,27,25
643,24,24,14,20,12,14,14,20,27,25
644,24,24,14,20,12,14,14,20,27,25
645,24,24,14,20,12,14,14,20,27,25
646,24,24,14,20,12,14,14,20,27,25
647,24,24,14,20,12,14,14,20,27,25
648,24,24,14,20,12,14,14,20,27,25
649,24,24,14,20,12,14,14,20,27,25
650,24,24,14,20,12,14,14,20,27,25
651,24,24,14,20,12,14,14,20,27,25
652,24,24,14,20,12,14,14,20,27,25
653,24,24,14,20,12,14,14,20,27,25
654,24,24,14,20,12,14,14,20,27,25
655,24,24,14,20,12,14,14,20,27,25
656,24,24,14,20,12,14,14,20,27,25
657,24,24,14,20,12,14,14,20,27,25
658,24,24,14,20,12,14,14,20,27,25
659,24,24,14,20,12,14,14,20,27,25
660,24,24,14,20,12,14,14,20,27,25
661,24,24,14,20,12,14,14,20,27,25
662,24,24,14,20,12,14,14,20,27,25
663,24,24,14,20,12,14,14,21,28,25
664,24,24,14,20,12,14,14,21,28,25
665,24,24,14,20,12,14,14,21,28,25
666,24,24,14,20,12,14,14,21,28,25
667,24,24,15,20,13,14,14,21,28,25
668,24,25,15,20,13,14,14,21,28,25
669,24,26,16,20,13,15,14,21,28,25
670,25,26,16,20,13,16,14,21,28,25
671,25,26,16,20,13,16,14,21,28,25
672,25,27,16,20,13,16,14,21,28,25
673,25,27,16,20,13,16,14,21,28,25
674,25,28,16,20,13,16,15,21,28,25
675,25,28,16,20,13,16,16,21,28,25
676,25,28,16,20,13,16,16,21,28,26
677,25,28,16,20,13,16,17,21,28,26
678,25,28,16,20,13,16,17,21,28,26
679,25,28,16,20,13,16,17,21,28,26
680,25,28,16,20,13,16,17,21,28,26
681,25,28,16,20,13,16,18,21,28,26
682,25,28,16,20,13,16,18,21,28,26
683,25,28,16,20,13,16,19,21,28,26
684,25,28,16,20,13,16,19,21,28,26
685,25,28,16,21,13,16,20,21,28,26
686,25,28,16,21,13,16,20,21,28,26
687,25,28,16,21,13,16,20,21,28,26
688,25,28,16,21,13,16,20,21,28,26
689,25,28,16,21,13,16,20,21,28,26
690,25,28,16,21,13,16,20,21,28,26
691,25,28,16,21,13,16,20,21,28,26
692,25,28,16,21,13,16,20,21,28,26
693,25,28,16,21,13,16,20,21,28,26
694,25,28,16,21,13,16,20,21,28,26
695,25,28,16,21,13,16,20,21,28,26
696,25,28,16,21,13,16,20,21,28,26
697,25,28,16,21,13,16,20,21,28,26
698,25,28,16,21,13,16,20,21,28,26
699,25,28,16,21,13,16,20,21,28,26
700,25,28,16,21,13,16,20,21,28,26
701,25,28,16,21,13,16,20,21,28,26
702,25,28,16,21,13,16,20,21,28,26
703,25,28,16,21,13,16,20,21,28,26
704,25,28,16,21,13,16,20,21,28,26
705,25,28,16,21,13,16,20,21,28,26
706,25,28,16,21,13,16,20,21,28,26
707,25,28,16,21,13,16,20,21,28,26
708,25,28,16,21,13,16,20,21,28,26
709,26,28,16,21,13,17,20,21,28,26
710,26,28,16,21,13,17,20,21,28,26
711,26,28,16,21,13,17,20,21,28,26
712,26,28,16,21,13,17,20,21,28,26
713,26,28,16,21,13,17,20,21,28,26
714,26,28,16,21,13,18,20,21,28,26
715,26,28,16,21,13,18,20,21,29,26
716,26,28,16,21,13,18,20,21,29,26
717,26,28,16,21,13,18,20,21,30,26
718,26,28,16,21,13,18,20,21,30,26
719,26,28,16,21,13,18,20,21,30,26
720,26,28,16,21,13,18,20,21,30,26
721,26,28,17,21,13,18,20,21,30,26
722,26,28,18,21,13,18,20,21,30,26
723,26,28,18,21,13,18,20,21,30,26
724,26,28,18,21,13,18,20,21,30,26
725,26,28,18,21,13,18,20,21,30,26
726,26,28,18,21,13,18,20,21,30,26
727,26,28,18,21,13,18,20,21,30,26
728,26,28,18,21,13,18,20,21,30,26
729,26,28,18,21,13,18,20,22,30,26
730,26,28,18,21,13,18,20,23,30,26
731,26,28,18,21,13,18,20,23,30,26
732,26,28,18,21,13,18,20,23,30,26
733,26,28,18,21,13,18,20,23,30,26
734,26,28,18,21,13,18,20,23,30,27
735,26,28,18,21,14,18,20,23,30,28
736,26,28,18,21,14,18,20,23,30,28
737,26,28,18,21,15,18,20,23,30,28
738,26,28,18,21,15,18,20,23,30,28
739,26,29,18,21,15,18,20,23,30,28
740,26,29,18,21,15,18,20,23,30,28
741,26,30,18,21,15,18,20,23,30,28
742,26,30,18,21,15,18,20,23,30,28
743,26,30,18,21,15,18,20,23,30,28
744,26,30,18,21,15,18,20,23,30,28
745,26,30,18,21,15,18,20,23,30,28
746,26,30,18,21,15,18,20,23,30,28
747,26,30,18,21,15,18,20,23,30,28
748,26,30,18,21,15,18,20,23,30,28
749,26,30,18,22,15,18,20,23,30,28
750,26,30,18,22,15,18,20,23,30,28
751,26,30,18,23,15,18,20,23,30,28
752,26,30,18,23,15,18,20,23,30,28
753,26,30,18,23,15,18,20,23,30,28
754,26,30,18,23,15,18,20,23,30,28
755,26,30,18,23,15,18,21,23,30,28
756,26,30,18,23,15,18,21,23,30,28
757,26,30,18,23,15,18,22,23,30,28
758,26,30,18,23,15,18,22,23,30,28
759,27,30,18,23,15,18,22,23,30,28
760,27,30,18,23,15,18,22,23,30,28
761,28,30,18,23,15,18,22,23,30,28
762,28,30,18,23,15,18,22,23,30,28
763,28,30,18,23,15,18,22,23,30,28
764,28,30,19,23,15,18,22,23,30,28
765,28,30,20,23,15,18,22,23,30,28
766,28,30,20,23,15,18,22,23,30,28
767,28,30,20,23,15,19,22,23,30,28
768,28,30,20,23,15,19,22,23,30,28
769,28,30,20,23,15,20,22,23,30,28
770,28,30,20,23,15,20,22,23,31,28
771,28,30,20,23,15,20,22,23,32,28
772,28,30,20,23,15,20,22,23,32,28
773,28,30,20,23,15,20,22,23,32,28
774,28,30,20,23,15,20,22,23,32,28
775,28,30,20,23,15,20,22,23,32,28
776,28,30,20,23,15,20,22,23,32,28
777,28,30,20,23,15,20,22,23,32,28
778,28,30,20,23,15,20,22,23,32,28
779,28,30,20,23,15,20,22,23,32,28
780,28,30,20,23,15,20,22,23,32,28
781,28,30,20,23,15,20,22,23,32,28
782,28,30,20,23,15,20,22,23,32,28
783,28,30,20,23,15,20,22,23,32,28
784,28,30,20,23,15,20,22,23,32,28
785,28,30,20,23,15,20,22,23,32,28
786,28,30,20,23,15,20,22,23,32,28
787,28,30,20,23,15,20,22,23,32,28
788,28,30,20,23,15,20,22,23,32,28
789,28,30,20,23,15,20,22,23,32,28
790,28,30,20,23,15,20,22,23,32,28
791,28,30,20,23,15,20,22,23,32,28
792,28,30,20,23,15,20,22,23,32,28
793,28,30,20,23,16,20,22,23,32,28
794,28,30,20,23,17,20,22,23,32,28
795,28,30,20,23,17,20,22,23,32,28
796,28,30,20,23,17,20,22,23,32,28
797,28,31,20,23,17,20,22,23,32,28
798,28,31,20,24,17,20,22,23,32,29
799,28,32,20,25,17,20,22,23,32,30
800,28,32,20,25,17,20,22,24,32,30
801,28,32,20,25,17,20,22,24,32,30
802,28,32,20,25,17,20,22,25,32,30
803,28,32,20,25,17,20,22,25,32,30
804,28,32,20,25,17,20,22,25,32,30
805,28,32,20,25,17,20,22,25,32,30
806,28,32,20,25,17,20,22,25,32,30
807,28,32,20,25,17,20,22,25,32,30
808,28,32,21,25,17,20,22,25,32,30
809,28,32,21,25,17,20,23,25,32,30
810,29,32,21,25,17,20,24,25,32,30
811,30,32,21,25,17,20,24,25,32,30
812,30,32,21,25,17,20,24,25,32,30
813,30,32,21,25,17,20,24,25,32,30
814,30,32,21,25,17,20,24,25,32,30
815,30,32,21,25,17,20,24,25,32,30
816,30,32,21,25,17,21,24,25,32,30
817,30,32,21,25,17,22,24,25,33,30
818,30,32,21,25,17,22,24,25,34,30
819,30,32,21,25,17,22,24,25,34,30
820,30,32,21,25,17,22,24,25,34,30
821,30,32,21,25,17,22,24,25,34,30
822,30,32,21,25,17,22,24,25,34,30
823,30,32,21,25,17,22,24,25,34,30
824,30,32,21,25,17,22,24,25,34,30
825,30,32,21,25,17,22,24,25,34,30
826,30,32,21,25,17,22,24,25,34,30
827,30,32,21,25,17,22,24,25,34,30
828,30,32,21,25,17,22,24,25,34,30
829,30,32,21,25,17,22,24,25,34,30
830,30,32,21,25,17,22,24,25,34,30
831,30,32,21,25,17,22,24,25,34,30
832,30,32,21,25,17,22,24,25,34,30
833,30,32,21,25,17,22,24,25,34,30
834,30,32,21,25,17,22,24,25,34,30
835,30,32,21,25,17,22,24,25,34,30
836,30,32,21,25,17,22,24,25,34,30
837,30,32,21,25,17,22,24,25,34,30
838,30,32,21,25,17,22,24,25,34,30
839,30,32,21,25,17,22,24,25,34,30
840,30,32,21,25,17,22,24,25,34,30
841,30,32,21,25,17,22,24,25,34,30
842,30,32,21,25,17,22,24,25,34,30
843,30,32,21,25,18,22,24,25,34,30
844,30,32,21,25,19,22,24,25,34,30
845,30,33,21,25,19,22,24,25,34,30
846,30,34,21,25,19,22,24,25,34,30
847,30,34,21,25,19,22,24,25,34,30
848,30,34,21,25,19,22,24,25,34,31
849,30,34,21,25,19,22,24,25,34,32
850,30,34,21,25,19,22,24,26,34,32
851,30,34,21,26,19,22,24,26,34,32
852,30,34,21,27,19,22,24,27,34,32
853,30,34,21,27,19,22,24,27,34,32
854,30,34,21,27,19,22,24,27,34,32
855,31,34,21,27,19,22,24,27,34,32
856,32,34,22,27,19,23,24,27,34,32
857,32,34,23,27,19,24,24,27,34,32
858,32,34,23,27,19,24,24,27,34,32
859,32,34,23,27,19,24,25,27,34,32
860,32,34,23,27,19,24,26,27,34,32
861,32,34,23,27,19,24,26,27,35,32
862,32,34,23,27,19,24,26,27,36,32
863,32,34,23,27,19,24,26,27,36,32
864,32,34,23,27,19,24,26,27,36,32
865,32,34,23,27,19,24,26,27,36,32
866,32,34,23,27,19,24,26,27,36,32
867,32,34,23,27,19,24,26,27,36,32
868,32,34,23,27,19,24,26,27,36,32
869,32,34,23,27,19,24,26,27,36,32
870,32,34,23,27,19,24,26,27,36,32
871,32,34,23,27,19,24,26,27,36,32
872,32,34,23,27,19,24,26,27,36,32
873,32,34,23,27,19,24,26,27,36,32
874,32,34,23,27,19,24,26,27,36,32
875,32,34,23,27,19,24,26,27,36,32
876,32,34,23,27,19,24,26,27,36,32
877,32,34,23,27,19,24,26,27,36,32
878,32,34,23,27,19,24,26,27,36,32
879,32,34,23,27,19,24,26,27,36,32
880,32,34,23,27,19,24,26,27,36,32
881,32,34,23,27,19,24,26,27,36,32
882,32,34,23,27,19,24,26,27,36,32
883,32,34,23,27,19,24,26,27,36,32
884,32,34,23,27,19,24,26,27,36,32
885,32,34,23,27,19,24,26,27,36,32
886,32,34,23,27,19,24,26,27,36,32
887,32,34,23,27,19,24,26,27,36,32
888,32,34,23,27,19,24,26,27,36,32
889,32,34,23,27,19,24,26,27,36,32
890,32,34,23,27,19,24,26,27,36,32
891,32,34,23,27,19,24,26,27,36,32
892,32,34,23,27,19,24,26,27,36,32
893,32,34,23,27,19,24,26,27,36,32
894,32,34,23,27,19,24,26,27,36,32
895,32,34,23,27,19,24,26,27,36,32
896,32,34,23,27,19,24,26,27,36,32
897,32,34,23,27,19,24,26,27,36,32
898,33,35,24,28,20,25,27,28,37,33
899,33,35,24,28,20,25,27,28,37,33
900,33,35,24,28,20,25,27,28,37,33
901,33,35,24,28,20,25,27,28,37,33
902,33,35,24,28,20,25,27,28,37,33
903,33,35,24,28,20,25,27,28,37,33
904,33,35,24,28,20,25,27,28,37,33
905,33,35,24,28,20,25,27,28,37,33
906,33,35,24,28,20,25,27,28,37,33
907,33,35,24,28,20,25,27,28,37,33
908,33,35,24,28,20,25,27,28,37,33
909,33,35,24,28,20,25,27,28,37,33
910,33,35,24,28,20,25,27,28,37,33
911,33,35,24,28,20,25,27,28,37,33
912,33,35,24,28,20,25,27,28,37,33
913,33,35,24,28,20,25,27,28,37,33
914,33,35,24,28,20,25,27,28,37,33
915,33,35,24,28,20,25,27,28,37,33
916,33,35,24,28,20,25,27,28,37,33
917,33,35,24,28,20,25,27,28,37,33
918,33,35,24,28,20,25,27,28,37,33
919,33,35,24,28,20,25,27,28,37,33
920,33,35,24,28,20,25,27,28,37,33
921,33,35,24,28,20,25,27,28,37,33
922,33,35,24,28,20,25,27,28,37,33
923,33,35,24,28,20,25,27,28,37,33
924,33,35,24,28,20,25,27,28,37,33
925,33,35,24,28,20,25,27,28,37,33
926,33,35,24,28,20,25,27,28,37,33
927,33,35,24,28,20,25,27,28,37,33
928,33,35,24,28,20,25,27,28,37,33
929,33,35,24,28,20,25,27,28,37,33
930,33,35,24,28,20,25,27,28,37,33
931,33,35,24,28,20,25,27,28,37,33
932,33,35,24,28,20,25,27,28,37,33
933,33,35,24,28,20,25,27,28,37,33
934,33,35,24,28,20,25,27,28,37,33
935,33,35,24,28,20,25,27,28,37,33
936,33,35,24,28,20,25,27,28,37,33
937,33,35,24,28,20,25,27,28,37,33
938,33,35,24,28,20,25,27,28,37,33
939,33,35,24,28,20,25,27,28,37,33
940,33,35,24,28,20,25,27,28,37,33
941,33,35,24,28,20,25,27,28,37,33
942,33,35,24,28,20,25,27,28,37,33
943,33,35,24,28,20,25,27,28,37,33
944,33,35,24,28,20,25,27,28,37,33
945,33,35,24,28,20,25,27,28,37,33
946,33,35,24,28,20,25,27,28,37,33
947,33,35,24,28,20,25,27,28,37,33
948,33,35,24,28,20,25,27,28,37,33
949,33,35,24,28,20,25,27,28,37,33
950,33,35,24,28,20,25,27,28,37,33
951,33,35,24,28,20,25,27,28,37,33
952,33,35,24,28,20,25,27,28,37,33
953,33,35,24,28,20,25,27,28,37,33
954,33,35,24,28,20,25,27,28,37,33
955,33,35,24,28,20,25,27,28,37,33
956,33,35,24,28,20,25,27,28,37,33
957,33,35,24,28,20,25,27,28,37,33
958,33,35,24,28,20,25,27,28,37,33
959,33,35,24,28,20,25,27,28,37,33
960,33,35,24,28,20,25,27,28,37,33
961,33,35,24,28,20,25,27,28,37,33
962,33,35,24,28,20,25,27,28,37,33
963,33,35,24,28,20,25,27,28,37,33
964,33,35,24,28,20,25,27,28,37,33
965,33,35,24,28,20,25,27,28,37,33
966,33,35,24,28,20,25,27,28,37,33
967,33,35,24,28,20,25,27,28,37,33
968,33,35,24,28,20,25,27,28,37,33
969,33,35,24,28,20,25,27,28,37,33
970,33,35,24,28,20,25,27,28,37,33
971,33,35,24,28,20,25,27,28,37,33
972,33,35,24,28,20,25,27,28,37,33
973,33,35,24,28,20,25,27,28,37,33
974,33,35,24,28,20,25,27,28,37,33
975,33,35,24,28,20,25,27,28,37,33
976,33,35,24,28,20,25,27,28,37,33
977,33,35,24,28,20,25,27,28,37,33
978,33,35,24,28,20,25,27,28,37,33
979,33,35,24,28,20,25,27,28,37,33
980,33,35,24,28,20,25,27,28,37,33
981,33,35,24,28,20,25,27,28,37,33
982,33,35,24,28,20,25,27,28,37,33
983,33,35,24,28,20,25,27,28,37,33
984,33,35,24,28,20,25,27,28,37,33
985,33,35,24,28,20,25,27,28,37,33
986,33,35,24,28,20,25,27,28,37,33
987,33,35,24,28,20,25,27,28,37,33
988,33,35,24,28,20,25,27,28,37,33
989,33,35,24,28,20,25,27,28,37,33
990,33,35,24,28,20,25,27,28,37,33
991,33,35,24,28,20,25,27,28,37,33
992,33,35,24,28,20,25,27,28,37,33
993,33,35,24,28,20,25,27,28,37,33
994,33,35,24,28,20,25,27,28,37,33
995,33,35,24,28,20,25,27,28,37,33
996,33,35,24,28,20,25,27,28,37,33
997,34,36,25,29,21,26,28,29,38,34
998,35,37,26,30,22,27,29,30,39,35
999,36,38,27,31,23,28,30,31,40,36
